timeline,player_id,year,team_id,game_id,league_id,level_id,split_id,position,ab,h,k,pa,pitches_seen,g,gs,d,t,hr,r,rbi,sb,cs,bb,ibb,gdp,sh,sf,hp,ci,wpa,stint,ubr
0,1,1972,1,1,100,1,0,2,2,2,0,4,0,1,1,0,0,0,0,0,0,0,2,0,0,0,0,0,0,0.1307,0,0.0000
0,6,1972,1,1,100,1,0,6,3,2,0,3,0,1,1,1,0,0,1,0,0,0,0,0,0,0,0,0,0,0.0183,0,0.0000
0,8,1972,1,1,100,1,0,0,1,0,1,1,0,1,0,0,0,0,0,0,0,0,0,0,0,0,0,0,0,-0.0834,0,0.0000
0,10,1972,1,1,100,1,0,1,3,1,0,3,0,1,1,1,0,0,0,1,0,0,0,0,0,0,0,0,0,0.0907,0,0.0000
0,11,1972,1,1,100,1,0,0,1,0,1,1,0,1,0,0,0,0,0,0,0,0,0,0,0,0,0,0,0,-0.0724,0,0.0000
0,13,1972,1,1,100,1,0,0,1,0,1,1,0,1,0,0,0,0,0,0,0,0,0,0,0,0,0,0,0,-0.0543,0,0.0000
0,15,1972,1,1,100,1,0,9,3,0,0,3,0,1,1,0,0,0,0,0,0,0,0,0,0,0,0,0,0,-0.0541,0,0.0000
0,16,1972,1,1,100,1,0,5,3,0,1,4,0,1,1,0,0,0,0,0,0,0,1,0,0,0,0,0,0,-0.1225,0,0.0000
0,17,1972,1,1,100,1,0,4,5,0,0,5,0,1,1,0,0,0,0,0,0,0,0,0,0,0,0,0,0,-0.1223,0,0.0000
0,19,1972,1,1,100,1,0,3,4,1,0,4,0,1,1,0,0,1,1,1,0,0,0,0,0,0,0,0,0,0.0672,0,0.0000
0,21,1972,1,1,100,1,0,7,3,0,0,4,0,1,1,0,0,0,0,0,0,0,0,0,0,1,0,0,0,-0.1135,0,0.0000
0,24,1972,1,1,100,1,0,8,3,0,1,4,0,1,1,0,0,0,0,0,0,0,0,0,0,0,0,1,0,-0.0318,0,-0.0048
0,26,1972,2,1,100,1,0,9,4,2,0,4,0,1,1,0,0,0,0,0,0,0,0,0,0,0,0,0,0,0.0828,0,0.0000
0,27,1972,2,1,100,1,0,5,4,1,0,4,0,1,1,0,0,0,0,0,0,0,0,0,1,0,0,0,0,-0.1605,0,0.0000
0,29,1972,2,1,100,1,0,6,4,2,0,4,0,1,1,0,0,0,1,0,0,0,0,0,0,0,0,0,0,0.0304,0,0.0000
0,31,1972,2,1,100,1,0,0,1,1,0,1,0,1,0,0,0,1,1,1,0,0,0,0,0,0,0,0,0,0.2338,0,0.0000
0,33,1972,2,1,100,1,0,0,0,0,0,0,0,1,0,0,0,0,0,0,0,0,0,0,0,0,0,0,0,0.0000,0,0.0000
0,34,1972,2,1,100,1,0,4,2,0,2,3,0,1,1,0,0,0,0,0,0,0,1,0,0,0,0,0,0,-0.0236,0,0.0000
0,38,1972,2,1,100,1,0,1,2,1,0,2,0,1,1,0,0,0,0,0,0,0,0,0,0,0,0,0,0,0.0131,0,0.0000
0,44,1972,2,1,100,1,0,8,4,0,0,4,0,1,1,0,0,0,0,0,0,0,0,0,0,0,0,0,0,-0.1307,0,0.0000
0,47,1972,2,1,100,1,0,3,4,0,1,4,0,1,1,0,0,0,0,0,0,0,0,0,0,0,0,0,0,-0.1225,0,0.0000
0,49,1972,2,1,100,1,0,7,3,2,0,4,0,1,1,0,0,0,0,1,0,0,0,0,0,0,1,0,0,0.0556,0,-0.0450
0,50,1972,2,1,100,1,0,2,4,1,1,4,0,1,1,0,0,1,1,1,0,0,0,0,0,0,0,0,0,0.1741,0,0.0000
1,1,1972,1,1,100,1,0,2,3,1,0,4,0,1,1,0,0,0,0,1,0,0,1,0,0,0,0,0,0,0.0897,0,0.0000
1,6,1972,1,1,100,1,0,6,3,0,1,3,0,1,1,0,0,0,0,0,0,0,0,0,0,0,0,0,0,-0.0649,0,0.0000
1,10,1972,1,1,100,1,0,1,3,0,2,3,0,1,1,0,0,0,0,0,0,0,0,0,0,0,0,0,0,-0.0752,0,0.0000
1,15,1972,1,1,100,1,0,9,4,1,1,4,0,1,1,0,0,0,0,0,0,0,0,0,1,0,0,0,0,-0.1097,0,0.0000
1,16,1972,1,1,100,1,0,5,4,0,1,4,0,1,1,0,0,0,0,0,0,0,0,0,0,0,0,0,0,-0.0753,0,0.0000
1,17,1972,1,1,100,1,0,4,4,3,0,4,0,1,1,1,0,0,1,0,1,1,0,0,0,0,0,0,0,0.1343,0,0.1372
1,19,1972,1,1,100,1,0,3,4,0,1,4,0,1,1,0,0,0,0,0,0,0,0,0,0,0,0,0,0,-0.1213,0,0.0000
1,21,1972,1,1,100,1,0,7,3,0,1,4,0,1,1,0,0,0,0,0,0,0,1,0,0,0,0,0,0,0.0082,0,0.0000
1,24,1972,1,1,100,1,0,8,4,1,1,4,0,1,1,0,0,0,0,0,0,0,0,0,0,0,0,0,0,-0.0776,0,0.0000
1,26,1972,2,1,100,1,0,9,4,1,0,4,0,1,1,0,0,0,0,0,0,0,0,0,0,0,0,0,0,0.0138,0,0.0000
1,27,1972,2,1,100,1,0,5,4,1,0,4,0,1,1,0,0,0,0,0,0,0,0,0,0,0,0,0,0,-0.1237,0,0.0000
1,29,1972,2,1,100,1,0,6,4,0,0,4,0,1,1,0,0,0,0,0,0,0,0,0,0,0,0,0,0,-0.1189,0,0.0000
1,31,1972,2,1,100,1,0,0,1,0,1,1,0,1,0,0,0,0,0,0,0,0,0,0,0,0,0,0,0,-0.0980,0,0.0000
1,32,1972,2,1,100,1,0,0,2,0,1,2,0,1,0,0,0,0,0,0,0,0,0,0,0,0,0,0,0,-0.2245,0,0.0000
1,33,1972,2,1,100,1,0,0,0,0,0,0,0,1,0,0,0,0,0,0,0,0,0,0,0,0,0,0,0,0.0000,0,0.0000
1,34,1972,2,1,100,1,0,4,2,1,0,3,0,1,1,0,0,0,0,0,0,0,0,0,0,1,0,0,0,-0.0153,0,0.0000
1,38,1972,2,1,100,1,0,1,2,0,2,2,0,1,1,0,0,0,0,0,0,0,0,0,0,0,0,0,0,-0.0661,0,0.0000
1,44,1972,2,1,100,1,0,8,4,0,1,4,0,1,1,0,0,0,0,0,0,0,0,0,1,0,0,0,0,-0.3011,0,0.0000
1,47,1972,2,1,100,1,0,3,2,0,1,2,0,1,1,0,0,0,0,0,0,0,0,0,0,0,0,0,0,-0.0641,0,0.0000
1,49,1972,2,1,100,1,0,7,3,0,0,4,0,1,1,0,0,0,0,0,0,0,1,0,0,0,0,0,0,0.1108,0,0.0000
1,50,1972,2,1,100,1,0,2,3,1,1,3,0,1,1,0,0,0,0,0,0,0,0,0,0,0,0,0,0,0.0289,0,0.0000
2,1,1972,1,1,100,1,0,2,3,1,0,4,0,1,1,0,0,0,1,0,0,0,1,0,0,0,0,0,0,-0.0373,0,0.3268
2,3,1972,1,1,100,1,0,0,0,0,0,0,0,1,0,0,0,0,0,0,0,0,0,0,0,0,0,0,0,0.0000,0,0.0000
2,6,1972,1,1,100,1,0,6,4,1,0,4,0,1,1,0,0,0,0,0,0,0,0,0,0,0,0,0,0,-0.0704,0,0.0000
2,8,1972,1,1,100,1,0,0,1,0,0,1,0,1,0,0,0,0,0,0,0,0,0,0,0,0,0,0,0,0.0175,0,0.0000
2,10,1972,1,1,100,1,0,1,3,0,1,3,0,1,1,0,0,0,0,0,0,0,0,0,0,0,0,0,0,-0.1036,0,0.0000
2,15,1972,1,1,100,1,0,9,4,1,1,4,0,1,1,1,0,0,0,0,0,0,0,0,0,0,0,0,0,-0.0310,0,0.0000
2,16,1972,1,1,100,1,0,5,4,1,0,4,0,1,1,1,0,0,0,2,0,0,0,0,0,0,0,0,0,0.0861,0,-0.2931
2,17,1972,1,1,100,1,0,4,4,0,1,5,0,1,1,0,0,0,0,0,0,0,0,0,0,0,0,1,0,-0.0298,0,0.0000
2,19,1972,1,1,100,1,0,3,5,1,3,5,0,1,1,1,0,0,0,1,0,0,0,0,0,0,0,0,0,0.0622,0,0.0000
2,21,1972,1,1,100,1,0,7,3,0,1,4,0,1,1,0,0,0,0,0,0,0,1,0,0,0,0,0,0,-0.0035,0,0.0000
2,24,1972,1,1,100,1,0,8,4,2,0,5,0,1,1,1,0,0,2,0,0,0,0,0,0,0,0,1,0,0.0783,0,0.0000
2,26,1972,2,1,100,1,0,9,4,1,0,4,0,1,1,1,0,0,1,0,0,0,0,0,1,0,0,0,0,-0.1454,0,0.0000
2,27,1972,2,1,100,1,0,5,3,0,0,4,0,1,1,0,0,0,0,1,0,0,0,0,0,0,1,0,0,-0.0667,0,0.0000
2,29,1972,2,1,100,1,0,6,4,1,0,4,0,1,1,0,0,0,0,0,0,0,0,0,0,0,0,0,0,-0.0101,0,0.0000
2,31,1972,2,1,100,1,0,0,1,0,0,1,0,1,0,0,0,0,0,0,0,0,0,0,0,0,0,0,0,-0.0447,0,0.0000
2,32,1972,2,1,100,1,0,0,1,0,1,1,0,1,0,0,0,0,0,0,0,0,0,0,0,0,0,0,0,-0.0702,0,0.0000
2,33,1972,2,1,100,1,0,0,0,0,0,0,0,1,0,0,0,0,0,0,0,0,0,0,0,0,0,0,0,0.0000,0,0.0000
2,34,1972,2,1,100,1,0,4,3,2,0,3,0,1,1,0,0,0,0,0,0,0,0,0,0,0,0,0,0,0.0571,0,0.0080
2,38,1972,2,1,100,1,0,1,2,1,0,2,0,1,1,0,0,0,0,1,0,0,0,0,0,0,0,0,0,0.0506,0,0.0000
2,44,1972,2,1,100,1,0,8,4,0,1,4,0,1,1,0,0,0,0,0,0,0,0,0,1,0,0,0,0,-0.2223,0,0.0000
2,47,1972,2,1,100,1,0,3,3,1,0,4,0,1,1,0,0,0,0,0,0,0,1,0,0,0,0,0,0,0.0269,0,0.0000
2,49,1972,2,1,100,1,0,7,4,0,0,4,0,1,1,0,0,0,0,0,0,0,0,0,0,0,0,0,0,-0.0802,0,0.0000
2,50,1972,2,1,100,1,0,2,4,1,0,4,0,1,1,1,0,0,1,0,0,0,0,0,0,0,0,0,0,-0.0430,0,0.3411
3,1,1972,1,1,100,1,0,2,6,1,0,7,0,1,1,0,0,0,0,0,0,0,1,1,0,0,0,0,0,-0.2756,0,0.0015
3,3,1972,1,1,100,1,0,0,0,0,0,0,0,1,0,0,0,0,0,0,0,0,0,0,0,0,0,0,0,0.0000,0,0.0000
3,4,1972,1,1,100,1,0,0,0,0,0,0,0,1,0,0,0,0,0,0,0,0,0,0,0,0,0,0,0,0.0000,0,0.0000
3,6,1972,1,1,100,1,0,6,6,1,2,6,0,1,1,0,0,0,0,0,1,0,0,0,0,0,0,0,0,-0.0746,0,0.0000
3,8,1972,1,1,100,1,0,9,3,0,2,3,0,1,0,0,0,0,0,0,0,0,0,0,0,0,0,0,0,-0.1377,0,0.0000
3,10,1972,1,1,100,1,0,1,2,0,1,3,0,1,1,0,0,0,0,0,0,0,0,0,0,1,0,0,0,-0.0719,0,0.0000
3,11,1972,1,1,100,1,0,0,1,0,0,1,0,1,0,0,0,0,0,0,0,0,0,0,0,0,0,0,0,-0.0591,0,0.0000
3,12,1972,1,1,100,1,0,0,0,0,0,0,0,1,0,0,0,0,0,0,0,0,0,0,0,0,0,0,0,0.0000,0,0.0000
3,13,1972,1,1,100,1,0,0,1,0,0,1,0,1,0,0,0,0,0,0,0,0,0,0,0,0,0,0,0,-0.0324,0,0.0000
3,15,1972,1,1,100,1,0,9,4,0,0,4,0,1,1,0,0,0,0,0,0,0,0,0,0,0,0,0,0,-0.0621,0,-0.0015
3,16,1972,1,1,100,1,0,5,7,1,2,7,0,1,1,0,0,0,0,1,0,0,0,0,0,0,0,0,0,0.0233,0,0.0000
3,17,1972,1,1,100,1,0,4,6,0,1,7,0,1,1,0,0,0,0,0,0,0,1,1,0,0,0,0,0,-0.1484,0,0.0000
3,19,1972,1,1,100,1,0,3,7,2,5,7,0,1,1,0,0,0,0,1,0,0,0,0,0,0,0,0,0,-0.2630,0,0.0000
3,21,1972,1,1,100,1,0,7,7,1,0,7,0,1,1,0,0,0,0,0,0,0,0,0,0,0,0,0,0,-0.1087,0,0.0000
3,23,1972,1,1,100,1,0,0,1,0,0,1,0,1,0,0,0,0,0,0,0,0,0,0,0,0,0,0,0,-0.0328,0,0.0000
3,24,1972,1,1,100,1,0,8,4,4,0,7,0,1,1,0,0,0,2,0,2,0,3,0,0,0,0,0,0,0.3897,0,0.3409
3,26,1972,2,1,100,1,0,9,6,2,0,7,0,1,1,1,0,0,0,0,0,0,1,0,0,0,0,0,0,-0.0632,0,-0.0369
3,27,1972,2,1,100,1,0,5,7,0,0,7,0,1,1,0,0,0,0,0,0,0,0,0,0,0,0,0,0,-0.4616,0,0.0000
3,28,1972,2,1,100,1,0,0,0,0,0,0,0,1,0,0,0,0,0,0,0,0,0,0,0,0,0,0,0,0.0000,0,0.0000
3,29,1972,2,1,100,1,0,6,7,2,0,7,0,1,1,0,1,0,0,0,0,0,0,0,0,0,0,0,0,0.0360,0,0.0000
3,31,1972,2,1,100,1,0,0,1,0,0,1,0,1,0,0,0,0,0,0,0,0,0,0,0,0,0,0,0,-0.0463,0,0.0000
3,32,1972,2,1,100,1,0,0,1,0,1,1,0,1,0,0,0,0,0,0,0,0,0,0,0,0,0,0,0,-0.0750,0,0.0000
3,33,1972,2,1,100,1,0,0,0,0,0,0,0,1,0,0,0,0,0,0,0,0,0,0,0,0,0,0,0,0.0000,0,0.0000
3,34,1972,2,1,100,1,0,4,6,0,2,6,0,1,1,0,0,0,0,0,0,0,0,0,0,0,0,0,0,-0.3139,0,0.0000
3,37,1972,2,1,100,1,0,0,1,0,1,1,0,1,0,0,0,0,0,0,0,0,0,0,0,0,0,0,0,-0.0739,0,0.0000
3,38,1972,2,1,100,1,0,1,2,0,1,2,0,1,1,0,0,0,0,0,0,0,0,0,0,0,0,0,0,-0.0554,0,0.0000
3,44,1972,2,1,100,1,0,8,5,1,1,6,0,1,1,0,0,0,0,0,0,0,1,0,0,0,0,0,0,-0.1745,0,0.0000
3,47,1972,2,1,100,1,0,3,6,0,1,7,0,1,1,0,0,0,0,0,0,0,1,0,0,0,0,0,0,-0.3782,0,0.0000
3,48,1972,2,1,100,1,0,0,1,0,0,1,0,1,0,0,0,0,0,0,0,0,0,0,0,0,0,0,0,-0.0337,0,0.0000
3,49,1972,2,1,100,1,0,7,6,2,1,7,0,1,1,0,0,1,1,1,0,0,1,1,0,0,0,0,0,0.2121,0,0.0000
3,50,1972,2,1,100,1,0,2,3,0,3,6,0,1,1,0,0,0,0,0,0,0,3,0,0,0,0,0,0,0.0344,0,0.0000
4,1,1972,1,1,100,1,0,2,3,1,0,4,0,1,1,1,0,0,0,0,0,0,1,0,0,0,0,0,0,0.1146,0,0.0000
4,6,1972,1,1,100,1,0,6,2,0,2,3,0,1,1,0,0,0,0,0,0,0,1,0,0,0,0,0,0,-0.0379,0,0.0000
4,8,1972,1,1,100,1,0,0,1,0,0,1,0,1,0,0,0,0,0,0,0,0,0,0,0,0,0,0,0,-0.0362,0,0.0000
4,10,1972,1,1,100,1,0,1,2,0,2,2,0,1,1,0,0,0,0,0,0,0,0,0,0,0,0,0,0,-0.0477,0,0.0000
4,11,1972,1,1,100,1,0,0,1,0,0,1,0,1,0,0,0,0,0,0,0,0,0,0,0,0,0,0,0,-0.1280,0,0.0000
4,12,1972,1,1,100,1,0,0,0,0,0,0,0,1,0,0,0,0,0,0,0,0,0,0,0,0,0,0,0,0.0000,0,0.0000
4,15,1972,1,1,100,1,0,9,3,0,0,3,0,1,1,0,0,0,0,0,0,0,0,0,0,0,0,0,0,-0.0623,0,0.0000
4,16,1972,1,1,100,1,0,5,4,0,3,4,0,1,1,0,0,0,0,0,0,0,0,0,0,0,0,0,0,-0.2729,0,0.0000
4,17,1972,1,1,100,1,0,4,3,2,0,4,0,1,1,0,0,1,1,1,3,0,1,0,0,0,0,0,0,0.2896,0,0.2485
4,19,1972,1,1,100,1,0,3,3,1,0,4,0,1,1,1,0,0,0,0,0,0,1,0,0,0,0,0,0,-0.0119,0,0.0000
4,21,1972,1,1,100,1,0,7,4,0,0,4,0,1,1,0,0,0,0,0,0,0,0,0,0,0,0,0,0,-0.1708,0,0.0000
4,24,1972,1,1,100,1,0,8,4,0,2,4,0,1,1,0,0,0,0,0,0,0,0,0,0,0,0,0,0,-0.1362,0,0.0000
4,26,1972,2,1,100,1,0,9,5,1,0,5,0,1,1,0,0,0,0,0,0,0,0,0,0,0,0,0,0,-0.0256,0,0.0000
4,27,1972,2,1,100,1,0,5,2,0,1,4,0,1,1,0,0,0,0,0,0,0,2,0,0,0,0,0,0,0.0078,0,0.0170
4,29,1972,2,1,100,1,0,6,4,1,0,5,0,1,1,0,0,0,1,0,0,0,1,0,0,0,0,0,0,-0.0626,0,-0.0313
4,32,1972,2,1,100,1,0,3,1,0,0,1,0,1,0,0,0,0,0,0,0,0,0,0,0,0,0,0,0,0.0071,0,0.0053
4,33,1972,2,1,100,1,0,0,0,0,0,0,0,1,0,0,0,0,0,0,0,0,0,0,0,0,0,0,0,0.0000,0,0.0000
4,34,1972,2,1,100,1,0,4,4,2,0,4,0,1,1,1,0,0,0,0,0,0,0,0,0,0,0,0,0,0.0811,0,0.0000
4,38,1972,2,1,100,1,0,1,2,0,0,3,0,1,1,0,0,0,0,0,0,0,0,0,0,1,0,0,0,-0.0930,0,0.0000
4,44,1972,2,1,100,1,0,8,4,1,1,4,0,1,1,0,0,0,0,1,0,0,0,0,0,0,0,0,0,0.0387,0,0.0000
4,47,1972,2,1,100,1,0,3,2,0,2,4,0,1,1,0,0,0,0,0,0,0,2,0,0,0,0,0,0,-0.0583,0,0.0000
4,49,1972,2,1,100,1,0,7,3,2,0,4,0,1,1,1,0,0,1,1,0,0,0,0,0,0,1,0,0,0.0324,0,0.2261
4,50,1972,2,1,100,1,0,2,4,1,2,4,0,1,1,0,0,0,0,0,0,0,0,0,0,0,0,0,0,-0.0502,0,0.0000
5,1,1972,1,1,100,1,0,2,1,0,0,4,0,1,1,0,0,0,0,0,1,0,3,0,0,0,0,0,0,0.0372,0,0.0000
5,3,1972,1,1,100,1,0,0,0,0,0,0,0,1,0,0,0,0,0,0,0,0,0,0,0,0,0,0,0,0.0000,0,0.0000
5,6,1972,1,1,100,1,0,6,4,1,0,4,0,1,1,0,0,1,1,1,0,0,0,0,0,0,0,0,0,0.1770,0,0.0000
5,8,1972,1,1,100,1,0,0,1,0,0,1,0,1,0,0,0,0,0,0,0,0,0,0,0,0,0,0,0,-0.0417,0,0.0000
5,10,1972,1,1,100,1,0,1,2,1,0,2,0,1,1,0,0,0,0,0,0,0,0,0,0,0,0,0,0,0.0279,0,-0.0072
5,11,1972,1,1,100,1,0,3,0,0,0,0,0,1,0,0,0,0,0,0,0,0,0,0,0,0,0,0,0,0.0000,0,0.0000
5,12,1972,1,1,100,1,0,0,0,0,0,0,0,1,0,0,0,0,0,0,0,0,0,0,0,0,0,0,0,0.0000,0,0.0000
5,15,1972,1,1,100,1,0,9,4,0,1,4,0,1,1,0,0,0,0,0,0,0,0,0,0,0,0,0,0,-0.1611,0,0.0000
5,16,1972,1,1,100,1,0,5,4,0,2,4,0,1,1,0,0,0,0,0,0,0,0,0,0,0,0,0,0,-0.1751,0,0.0000
5,17,1972,1,1,100,1,0,4,4,1,0,4,0,1,1,1,0,0,0,0,0,0,0,0,0,0,0,0,0,-0.0265,0,0.0000
5,19,1972,1,1,100,1,0,3,3,0,0,4,0,1,1,0,0,0,0,0,0,0,1,0,0,0,0,0,0,-0.0766,0,0.0000
5,21,1972,1,1,100,1,0,7,4,0,1,4,0,1,1,0,0,0,0,0,0,0,0,0,0,0,0,0,0,-0.1163,0,0.0000
5,24,1972,1,1,100,1,0,8,4,1,1,4,0,1,1,0,0,1,1,1,0,0,0,0,0,0,0,0,0,0.1815,0,0.0000
5,26,1972,2,1,100,1,0,9,4,1,0,4,0,1,1,0,0,0,0,0,0,0,0,0,1,0,0,0,0,-0.1634,0,0.0613
5,27,1972,2,1,100,1,0,5,4,0,0,4,0,1,1,0,0,0,0,0,0,0,0,0,0,0,0,0,0,-0.1659,0,0.0000
5,29,1972,2,1,100,1,0,6,4,2,1,4,0,1,1,0,0,0,0,0,0,0,0,0,0,0,0,0,0,0.0843,0,0.0000
5,31,1972,2,1,100,1,0,2,1,0,0,1,0,1,0,0,0,0,1,0,0,0,0,0,0,0,0,0,0,-0.0893,0,-0.0529
5,32,1972,2,1,100,1,0,0,1,1,0,1,0,1,0,0,0,0,1,0,0,0,0,0,0,0,0,0,0,0.0738,0,0.2211
5,33,1972,2,1,100,1,0,0,0,0,0,0,0,1,0,0,0,0,0,0,0,0,0,0,0,0,0,0,0,0.0000,0,0.0000
5,34,1972,2,1,100,1,0,4,4,2,1,4,0,1,1,0,0,0,0,1,0,0,0,0,0,0,0,0,0,0.3474,0,0.0000
5,37,1972,2,1,100,1,0,0,1,0,0,1,0,1,0,0,0,0,0,0,0,0,0,0,0,0,0,0,0,0.0736,0,0.0015
5,38,1972,2,1,100,1,0,1,2,0,1,2,0,1,1,0,0,0,0,0,0,0,0,0,0,0,0,0,0,-0.0297,0,0.0000
5,44,1972,2,1,100,1,0,8,4,1,1,4,0,1,1,0,0,0,0,0,0,0,0,0,0,0,0,0,0,-0.0264,0,0.0000
5,47,1972,2,1,100,1,0,3,2,0,0,3,0,1,1,0,0,0,1,0,0,0,1,0,0,0,0,0,0,-0.0015,0,0.2612
5,49,1972,2,1,100,1,0,7,3,1,1,4,0,1,1,0,0,0,0,1,0,0,1,0,0,0,0,0,0,0.2825,0,0.0000
5,50,1972,2,1,100,1,0,2,2,0,1,3,0,1,1,0,0,0,0,1,0,0,0,0,0,0,1,0,0,-0.0467,0,0.0000
6,1,1972,1,1,100,1,0,2,4,0,1,5,0,1,1,0,0,0,0,0,0,0,1,1,0,0,0,0,0,-0.0821,0,0.0000
6,3,1972,1,1,100,1,0,0,0,0,0,0,0,1,0,0,0,0,0,0,0,0,0,0,0,0,0,0,0,0.0000,0,0.0000
6,6,1972,1,1,100,1,0,6,4,1,1,5,0,1,1,0,0,0,0,0,0,0,1,1,0,0,0,0,0,0.0212,0,0.0000
6,8,1972,1,1,100,1,0,0,1,0,0,1,0,1,0,0,0,0,0,0,0,0,0,0,0,0,0,0,0,-0.0462,0,0.0000
6,10,1972,1,1,100,1,0,1,2,0,1,3,0,1,1,0,0,0,0,0,0,0,0,0,0,1,0,0,0,-0.0980,0,0.0000
6,11,1972,1,1,100,1,0,3,2,1,0,2,0,1,0,0,0,0,0,0,0,0,0,0,0,0,0,0,0,-0.0375,0,0.0000
6,12,1972,1,1,100,1,0,0,0,0,0,0,0,1,0,0,0,0,0,0,0,0,0,0,0,0,0,0,0,0.0000,0,0.0000
6,15,1972,1,1,100,1,0,9,5,2,1,5,0,1,1,1,0,0,0,2,0,0,0,0,0,0,0,0,0,0.2288,0,0.0415
6,16,1972,1,1,100,1,0,5,4,1,2,5,0,1,1,0,0,1,2,1,0,0,1,0,1,0,0,0,0,0.0528,0,0.3930
6,17,1972,1,1,100,1,0,4,6,0,0,6,0,1,1,0,0,0,0,0,0,0,0,0,0,0,0,0,0,-0.1840,0,0.0000
6,19,1972,1,1,100,1,0,3,3,2,0,4,0,1,1,1,0,0,1,0,0,0,1,0,0,0,0,0,0,0.1206,0,0.0000
6,21,1972,1,1,100,1,0,7,5,0,2,5,0,1,1,0,0,0,0,0,0,0,0,0,0,0,0,0,0,-0.1812,0,0.0000
6,24,1972,1,1,100,1,0,8,5,0,1,5,0,1,1,0,0,0,0,0,0,0,0,0,0,0,0,0,0,-0.1703,0,0.0000
6,26,1972,2,1,100,1,0,9,6,1,1,6,0,1,1,1,0,0,0,0,0,0,0,0,0,0,0,0,0,-0.2069,0,0.0000
6,27,1972,2,1,100,1,0,5,5,1,0,5,0,1,1,1,0,0,0,0,0,0,0,0,1,0,0,0,0,-0.2012,0,0.0000
6,28,1972,2,1,100,1,0,0,0,0,0,0,0,1,0,0,0,0,0,0,0,0,0,0,0,0,0,0,0,0.0000,0,0.0000
6,29,1972,2,1,100,1,0,6,6,1,1,6,0,1,1,0,0,0,0,2,0,0,0,0,0,0,0,0,0,0.0185,0,0.0000
6,31,1972,2,1,100,1,0,0,1,0,0,1,0,1,0,0,0,0,0,0,0,0,0,0,0,0,0,0,0,-0.0463,0,0.0000
6,32,1972,2,1,100,1,0,0,0,0,0,2,0,1,0,0,0,0,0,0,0,0,1,1,0,0,0,1,0,0.0280,0,0.0000
6,33,1972,2,1,100,1,0,0,0,0,0,0,0,1,0,0,0,0,0,0,0,0,0,0,0,0,0,0,0,0.0000,0,0.0000
6,34,1972,2,1,100,1,0,4,3,0,1,5,0,1,1,0,0,0,1,0,0,0,2,0,0,0,0,0,0,0.0832,0,0.3441
6,37,1972,2,1,100,1,0,0,1,0,0,1,0,1,0,0,0,0,0,0,0,0,0,0,0,0,0,0,0,-0.0739,0,0.0000
6,38,1972,2,1,100,1,0,1,1,0,0,3,0,1,1,0,0,0,0,0,0,0,0,0,0,2,0,0,0,-0.0388,0,0.0000
6,44,1972,2,1,100,1,0,8,5,0,1,5,0,1,1,0,0,0,0,0,0,0,0,0,0,0,0,0,0,-0.3274,0,0.0000
6,47,1972,2,1,100,1,0,3,2,0,2,3,0,1,1,0,0,0,0,0,0,0,1,0,0,0,0,0,0,-0.0106,0,0.0000
6,49,1972,2,1,100,1,0,7,5,2,0,6,0,1,1,1,0,1,1,1,0,0,1,0,0,0,0,0,0,0.4997,0,0.0000
6,50,1972,2,1,100,1,0,2,4,1,1,5,0,1,1,0,0,1,2,1,0,0,1,0,0,0,0,0,0,0.3597,0,0.0000
7,1,1972,1,1,100,1,0,2,3,1,0,4,0,1,1,0,0,0,0,1,0,0,0,0,0,0,1,0,0,0.0105,0,0.0000
7,6,1972,1,1,100,1,0,6,4,0,1,4,0,1,1,0,0,0,0,0,0,0,0,0,0,0,0,0,0,-0.1642,0,0.0000
7,10,1972,1,1,100,1,0,1,3,0,1,3,0,1,1,0,0,0,0,0,0,0,0,0,0,0,0,0,0,-0.1234,0,0.0000
7,15,1972,1,1,100,1,0,9,4,2,0,4,0,1,1,0,0,1,1,1,0,0,0,0,0,0,0,0,0,0.2036,0,0.0000
7,16,1972,1,1,100,1,0,5,3,0,1,4,0,1,1,0,0,0,0,0,0,0,1,0,1,0,0,0,0,-0.0939,0,-0.0160
7,17,1972,1,1,100,1,0,4,4,0,0,4,0,1,1,0,0,0,0,0,0,0,0,0,0,0,0,0,0,-0.0870,0,0.0000
7,19,1972,1,1,100,1,0,3,4,3,1,4,0,1,1,1,0,1,1,1,0,0,0,0,0,0,0,0,0,0.3444,0,0.0000
7,21,1972,1,1,100,1,0,7,4,1,0,4,0,1,1,0,0,0,0,0,0,0,0,0,0,0,0,0,0,-0.0838,0,0.0000
7,24,1972,1,1,100,1,0,8,4,1,1,4,0,1,1,0,0,0,1,0,0,0,0,0,0,0,0,0,0,0.0002,0,0.5997
7,26,1972,2,1,100,1,0,9,5,2,0,5,0,1,1,0,0,0,1,0,0,0,0,0,0,0,0,0,0,0.1263,0,0.0707
7,27,1972,2,1,100,1,0,5,4,2,0,4,0,1,1,0,0,0,0,1,0,1,0,0,0,0,0,0,0,0.0338,0,0.0000
7,29,1972,2,1,100,1,0,6,4,1,1,5,0,1,1,0,0,0,2,0,0,0,1,0,0,0,0,0,0,-0.0164,0,0.3162
7,34,1972,2,1,100,1,0,4,3,0,1,4,0,1,1,0,0,0,0,0,0,0,1,0,0,0,0,0,0,-0.1266,0,0.0000
7,38,1972,2,1,100,1,0,1,3,0,1,4,0,1,1,0,0,0,0,0,0,0,0,0,0,1,0,0,0,-0.1602,0,0.0000
7,44,1972,2,1,100,1,0,8,4,2,2,4,0,1,1,0,0,0,0,0,0,0,0,0,0,0,0,0,0,-0.0319,0,0.0000
7,47,1972,2,1,100,1,0,3,4,1,2,4,0,1,1,0,0,0,0,0,0,0,0,0,0,0,0,0,0,-0.0607,0,0.0000
7,49,1972,2,1,100,1,0,7,5,3,0,5,0,1,1,0,1,0,1,3,0,0,0,0,0,0,0,0,0,0.7287,0,0.0000
7,50,1972,2,1,100,1,0,2,3,1,0,4,0,1,1,0,0,0,0,0,0,0,0,0,0,1,0,0,0,-0.0732,0,0.0000
8,1,1972,1,1,100,1,0,2,4,2,0,4,0,1,1,0,0,1,1,1,0,0,0,0,0,0,0,0,0,0.1156,0,0.0000
8,6,1972,1,1,100,1,0,6,3,1,1,3,0,1,1,0,0,0,0,1,0,0,0,0,0,0,0,0,0,0.0624,0,0.0000
8,10,1972,1,1,100,1,0,1,3,0,2,3,0,1,1,0,0,0,0,0,0,0,0,0,0,0,0,0,0,-0.0504,0,0.0000
8,15,1972,1,1,100,1,0,9,3,0,0,3,0,1,1,0,0,0,0,0,0,0,0,0,1,0,0,0,0,-0.1462,0,0.0000
8,16,1972,1,1,100,1,0,5,3,1,0,3,0,1,1,0,0,0,1,0,0,0,0,0,1,0,0,0,0,-0.0348,0,0.0000
8,17,1972,1,1,100,1,0,4,3,0,0,4,0,1,1,0,0,0,0,0,0,1,1,0,0,0,0,0,0,-0.0400,0,0.0000
8,19,1972,1,1,100,1,0,3,4,1,1,4,0,1,1,1,0,0,0,0,0,0,0,0,0,0,0,0,0,-0.0102,0,0.0000
8,21,1972,1,1,100,1,0,7,3,0,0,3,0,1,1,0,0,0,0,0,0,0,0,0,0,0,0,0,0,0.0396,0,0.0000
8,24,1972,1,1,100,1,0,8,4,0,1,4,0,1,1,0,0,0,0,0,0,0,0,0,0,0,0,0,0,-0.0689,0,0.0000
8,26,1972,2,1,100,1,0,9,4,1,1,4,0,1,1,0,0,0,1,0,0,0,0,0,0,0,0,0,0,-0.0562,0,0.0000
8,27,1972,2,1,100,1,0,5,4,0,0,4,0,1,1,0,0,0,0,0,0,0,0,0,0,0,0,0,0,-0.1870,0,0.0000
8,29,1972,2,1,100,1,0,6,4,0,0,4,0,1,1,0,0,0,0,0,0,0,0,0,0,0,0,0,0,-0.1784,0,0.0000
8,31,1972,2,1,100,1,0,0,1,0,0,1,0,1,0,0,0,0,0,0,0,0,0,0,0,0,0,0,0,-0.0828,0,0.0000
8,32,1972,2,1,100,1,0,0,1,0,1,1,0,1,0,0,0,0,0,0,0,0,0,0,0,0,0,0,0,-0.1337,0,0.0000
8,33,1972,2,1,100,1,0,0,0,0,0,0,0,1,0,0,0,0,0,0,0,0,0,0,0,0,0,0,0,0.0000,0,0.0000
8,34,1972,2,1,100,1,0,4,3,0,3,3,0,1,1,0,0,0,0,0,0,0,0,0,0,0,0,0,0,-0.1685,0,0.0000
8,38,1972,2,1,100,1,0,1,1,0,1,2,0,1,1,0,0,0,0,0,0,0,0,0,0,1,0,0,0,-0.0449,0,0.0000
8,44,1972,2,1,100,1,0,8,3,0,2,3,0,1,1,0,0,0,0,0,0,0,0,0,0,0,0,0,0,-0.1151,0,0.0000
8,47,1972,2,1,100,1,0,3,2,0,1,2,0,1,1,0,0,0,0,0,0,0,0,0,0,0,0,0,0,-0.0450,0,0.0000
8,49,1972,2,1,100,1,0,7,4,1,0,4,0,1,1,1,0,0,0,0,0,0,0,0,0,0,0,0,0,0.1011,0,0.0000
8,50,1972,2,1,100,1,0,2,2,1,0,3,0,1,1,0,0,0,0,0,0,0,1,0,0,0,0,0,0,0.1325,0,0.0000
9,1,1972,1,1,100,1,0,2,4,2,1,4,0,1,1,0,0,1,1,1,0,0,0,0,0,0,0,0,0,0.0840,0,0.0000
9,6,1972,1,1,100,1,0,6,3,0,0,3,0,1,1,0,0,0,0,0,0,0,0,0,0,0,0,0,0,-0.0770,0,0.0000
9,10,1972,1,1,100,1,0,1,3,1,1,3,0,1,1,0,0,0,0,0,0,0,0,0,0,0,0,0,0,0.0249,0,0.0000
9,15,1972,1,1,100,1,0,9,4,0,1,4,0,1,1,0,0,0,0,0,0,0,0,0,0,0,0,0,0,-0.0976,0,0.0000
9,16,1972,1,1,100,1,0,5,3,0,0,4,0,1,1,0,0,0,0,1,0,0,0,0,0,0,1,0,0,-0.0627,0,0.0000
9,17,1972,1,1,100,1,0,4,4,2,1,4,0,1,1,1,1,0,1,0,0,0,0,0,0,0,0,0,0,0.2542,0,0.3013
9,19,1972,1,1,100,1,0,3,4,1,0,4,0,1,1,0,0,0,1,0,0,1,0,0,0,0,0,0,0,-0.1833,0,0.5676
9,21,1972,1,1,100,1,0,7,4,1,1,4,0,1,1,0,0,0,0,0,0,0,0,0,0,0,0,0,0,-0.0151,0,0.0000
9,24,1972,1,1,100,1,0,8,2,0,1,4,0,1,1,0,0,0,0,1,0,0,1,0,0,0,1,0,0,-0.1431,0,0.0000
9,26,1972,2,1,100,1,0,9,4,0,0,4,0,1,1,0,0,0,0,0,0,0,0,0,0,0,0,0,0,-0.1395,0,0.0000
9,27,1972,2,1,100,1,0,5,4,0,0,4,0,1,1,0,0,0,0,0,0,0,0,0,0,0,0,0,0,-0.1865,0,0.0000
9,29,1972,2,1,100,1,0,6,5,1,1,5,0,1,1,0,0,0,1,1,0,0,0,0,0,0,0,0,0,0.0306,0,-0.0015
9,34,1972,2,1,100,1,0,4,3,1,1,4,0,1,1,0,0,0,0,0,0,0,0,0,0,1,0,0,0,0.2734,0,0.0000
9,38,1972,2,1,100,1,0,1,3,1,0,4,0,1,1,0,0,0,0,1,0,0,0,0,0,0,1,0,0,-0.0083,0,0.0000
9,44,1972,2,1,100,1,0,8,4,3,0,4,0,1,1,1,0,0,1,0,0,0,0,0,0,0,0,0,0,0.0522,0,0.2752
9,47,1972,2,1,100,1,0,3,4,2,0,4,0,1,1,0,0,1,1,1,0,0,0,0,0,0,0,0,0,0.1549,0,0.0000
9,49,1972,2,1,100,1,0,7,3,2,0,4,0,1,1,1,0,0,0,1,0,0,1,0,0,0,0,0,0,0.2219,0,0.0000
9,50,1972,2,1,100,1,0,2,4,0,0,4,0,1,1,0,0,0,1,0,0,0,0,0,1,0,0,0,0,-0.1068,0,0.0000
10,1,1972,1,1,100,1,0,2,4,1,0,5,0,1,1,0,0,1,1,1,0,0,1,0,0,0,0,0,0,0.1692,0,0.0000
10,6,1972,1,1,100,1,0,6,4,0,0,4,0,1,1,0,0,0,0,0,0,0,0,0,0,0,0,0,0,-0.2531,0,0.0000
10,10,1972,1,1,100,1,0,1,4,1,2,4,0,1,1,0,0,0,1,0,0,0,0,0,0,0,0,0,0,-0.0068,0,0.3033
10,15,1972,1,1,100,1,0,9,4,1,1,4,0,1,1,0,0,0,0,0,0,0,0,0,0,0,0,0,0,-0.0552,0,0.0000
10,16,1972,1,1,100,1,0,5,3,1,0,5,0,1,1,0,0,0,0,0,0,0,2,0,0,0,0,0,0,0.0837,0,-0.0529
10,17,1972,1,1,100,1,0,4,5,1,0,5,0,1,1,0,0,0,0,0,0,0,0,0,0,0,0,0,0,-0.0845,0,0.0000
10,19,1972,1,1,100,1,0,3,5,2,1,5,0,1,1,2,0,0,0,2,0,0,0,0,0,0,0,0,0,0.4226,0,0.0035
10,21,1972,1,1,100,1,0,7,5,2,0,5,0,1,1,0,0,0,0,0,0,0,0,0,0,0,0,0,0,-0.0311,0,0.0000
10,24,1972,1,1,100,1,0,8,5,1,1,5,0,1,1,0,0,0,1,0,0,0,0,0,0,0,0,0,0,-0.1246,0,0.2392
10,26,1972,2,1,100,1,0,9,4,0,2,4,0,1,1,0,0,0,0,0,0,0,0,0,0,0,0,0,0,-0.0910,0,0.0000
10,27,1972,2,1,100,1,0,5,4,2,2,4,0,1,1,0,0,0,0,0,0,0,0,0,0,0,0,0,0,0.0535,0,-0.0022
10,29,1972,2,1,100,1,0,6,4,2,0,4,0,1,1,0,0,0,1,0,1,0,0,0,0,0,0,0,0,0.0454,0,0.0000
10,31,1972,2,1,100,1,0,0,1,0,1,1,0,1,0,0,0,0,0,0,0,0,0,0,0,0,0,0,0,-0.0447,0,0.0000
10,32,1972,2,1,100,1,0,0,1,0,0,1,0,1,0,0,0,0,0,0,0,0,0,0,0,0,0,0,0,-0.0673,0,0.0000
10,34,1972,2,1,100,1,0,4,3,0,1,3,0,1,1,0,0,0,0,0,0,0,0,0,0,0,0,0,0,-0.1044,0,0.0000
10,38,1972,2,1,100,1,0,1,3,0,2,3,0,1,1,0,0,0,0,0,0,0,0,0,0,0,0,0,0,-0.0541,0,0.0000
10,44,1972,2,1,100,1,0,8,4,1,1,4,0,1,1,1,0,0,0,2,0,0,0,0,1,0,0,0,0,-0.0076,0,0.0000
10,47,1972,2,1,100,1,0,3,2,1,0,4,0,1,1,0,0,0,0,0,0,0,2,0,0,0,0,0,0,0.0542,0,0.0000
10,49,1972,2,1,100,1,0,7,3,1,0,4,0,1,1,0,0,0,1,0,0,0,1,0,0,0,0,0,0,0.0232,0,-0.0796
10,50,1972,2,1,100,1,0,2,4,0,1,4,0,1,1,0,0,0,0,0,0,0,0,0,0,0,0,0,0,-0.2271,0,0.0000
11,1,1972,1,1,100,1,0,2,7,3,1,7,0,1,1,0,0,0,1,1,0,0,0,0,0,0,0,0,0,0.1187,0,0.1775
11,3,1972,1,1,100,1,0,0,0,0,0,0,0,1,0,0,0,0,0,0,0,0,0,0,0,0,0,0,0,0.0000,0,0.0000
11,6,1972,1,1,100,1,0,6,6,0,3,6,0,1,1,0,0,0,0,0,0,0,0,0,1,0,0,0,0,-0.3574,0,0.0000
11,8,1972,1,1,100,1,0,0,1,0,0,1,0,1,0,0,0,0,0,0,0,0,0,0,0,0,0,0,0,-0.0591,0,0.0000
11,10,1972,1,1,100,1,0,1,3,0,1,3,0,1,1,0,0,0,0,0,0,0,0,0,0,0,0,0,0,-0.0880,0,0.0000
11,11,1972,1,1,100,1,0,0,3,0,2,3,0,1,0,0,0,0,0,0,0,0,0,0,0,0,0,0,0,-0.2149,0,0.0000
11,12,1972,1,1,100,1,0,0,1,0,0,1,0,1,0,0,0,0,0,0,0,0,0,0,0,0,0,0,0,-0.0462,0,0.0000
11,13,1972,1,1,100,1,0,0,1,0,0,1,0,1,0,0,0,0,0,0,0,0,0,0,0,0,0,0,0,-0.0591,0,0.0000
11,15,1972,1,1,100,1,0,9,4,1,1,4,0,1,1,1,0,0,0,0,0,0,0,0,0,0,0,0,0,-0.1345,0,0.0000
11,16,1972,1,1,100,1,0,5,5,0,3,7,0,1,1,0,0,0,0,0,0,0,2,0,0,0,0,0,0,0.0530,0,0.0020
11,17,1972,1,1,100,1,0,4,7,1,0,7,0,1,1,0,0,0,0,0,1,0,0,0,0,0,0,0,0,-0.0388,0,0.0051
11,19,1972,1,1,100,1,0,3,6,3,2,7,0,1,1,0,0,1,1,2,0,0,1,0,0,0,0,0,0,0.1536,0,0.0595
11,21,1972,1,1,100,1,0,7,6,2,1,7,0,1,1,0,0,0,0,1,0,0,1,0,0,0,0,0,0,0.0244,0,0.0000
11,23,1972,1,1,100,1,0,0,0,0,0,0,0,1,0,0,0,0,0,0,0,0,0,0,0,0,0,0,0,0.0000,0,0.0000
11,24,1972,1,1,100,1,0,8,7,1,0,7,0,1,1,0,1,0,2,0,1,0,0,0,0,0,0,0,0,0.0433,0,0.1626
11,26,1972,2,1,100,1,0,9,6,1,1,7,0,1,1,0,0,0,1,1,0,0,1,0,0,0,0,0,0,-0.0740,0,0.0000
11,27,1972,2,1,100,1,0,5,5,0,0,6,0,1,1,0,0,0,0,0,0,0,1,0,0,0,0,0,0,-0.0704,0,0.0000
11,28,1972,2,1,100,1,0,0,0,0,0,0,0,1,0,0,0,0,0,0,0,0,0,0,0,0,0,0,0,0.0000,0,0.0000
11,29,1972,2,1,100,1,0,6,7,0,2,7,0,1,1,0,0,0,0,0,0,0,0,0,0,0,0,0,0,-0.2703,0,0.0000
11,31,1972,2,1,100,1,0,0,0,0,0,1,0,1,0,0,0,0,0,0,0,0,1,0,0,0,0,0,0,0.0554,0,0.0000
11,32,1972,2,1,100,1,0,0,1,0,0,1,0,1,0,0,0,0,0,0,0,0,0,0,0,0,0,0,0,-0.0463,0,0.0000
11,33,1972,2,1,100,1,0,0,0,0,0,0,0,1,0,0,0,0,0,0,0,0,0,0,0,0,0,0,0,0.0000,0,0.0000
11,34,1972,2,1,100,1,0,4,5,1,1,6,0,1,1,0,0,0,1,0,0,0,1,0,0,0,0,0,0,-0.1130,0,0.3492
11,37,1972,2,1,100,1,0,0,1,0,0,1,0,1,0,0,0,0,0,0,0,0,0,0,0,0,0,0,0,-0.0876,0,0.0000
11,38,1972,2,1,100,1,0,1,2,0,1,3,0,1,1,0,0,0,0,0,0,0,0,0,0,1,0,0,0,-0.0800,0,0.0000
11,44,1972,2,1,100,1,0,8,4,0,2,6,0,1,1,0,0,0,0,0,0,0,2,0,0,0,0,0,0,-0.0649,0,0.0000
11,47,1972,2,1,100,1,0,3,6,1,3,6,0,1,1,1,0,0,0,2,0,0,0,0,0,0,0,0,0,0.0052,0,0.0000
11,49,1972,2,1,100,1,0,7,4,0,2,6,0,1,1,0,0,0,1,0,0,0,2,0,0,0,0,0,0,-0.0474,0,0.0000
11,50,1972,2,1,100,1,0,2,6,0,2,6,0,1,1,0,0,0,0,0,0,0,0,0,1,0,0,0,0,-0.3324,0,0.0000
12,1,1972,1,1,100,1,0,2,3,3,0,4,0,1,1,0,1,1,1,2,0,0,1,0,0,0,0,0,0,0.3335,0,-0.0253
12,6,1972,1,1,100,1,0,6,4,1,1,4,0,1,1,0,0,0,0,1,0,0,0,0,0,0,0,0,0,0.2412,0,0.0000
12,8,1972,1,1,100,1,0,0,1,0,0,1,0,1,0,0,0,0,0,0,0,0,0,0,0,0,0,0,0,-0.1335,0,0.0000
12,10,1972,1,1,100,1,0,1,2,1,0,3,0,1,1,0,0,0,0,0,0,0,0,0,0,1,0,0,0,-0.0145,0,0.0000
12,15,1972,1,1,100,1,0,9,4,1,0,4,0,1,1,0,1,0,1,1,0,0,0,0,0,0,0,0,0,0.2179,0,0.0000
12,16,1972,1,1,100,1,0,5,4,0,1,4,0,1,1,0,0,0,0,0,0,0,0,0,1,0,0,0,0,-0.1815,0,0.0000
12,17,1972,1,1,100,1,0,4,4,0,0,5,0,1,1,0,0,0,0,0,0,0,1,1,0,0,0,0,0,-0.1337,0,0.0000
12,19,1972,1,1,100,1,0,3,3,0,1,4,0,1,1,0,0,0,1,0,0,0,1,0,0,0,0,0,0,-0.0851,0,0.0000
12,21,1972,1,1,100,1,0,7,4,2,0,4,0,1,1,0,0,0,1,0,0,0,0,0,0,0,0,0,0,0.0237,0,0.0000
12,24,1972,1,1,100,1,0,8,5,0,1,5,0,1,1,0,0,0,0,0,0,0,0,0,0,0,0,0,0,-0.2357,0,0.0000
12,26,1972,2,1,100,1,0,9,4,1,0,4,0,1,1,0,0,0,1,0,0,0,0,0,0,0,0,0,0,0.0311,0,0.3163
12,27,1972,2,1,100,1,0,5,1,0,0,4,0,1,1,0,0,0,1,0,0,0,3,0,0,0,0,0,0,0.2721,0,0.0185
12,29,1972,2,1,100,1,0,6,4,1,1,4,0,1,1,0,0,0,0,1,0,0,0,0,0,0,0,0,0,-0.0127,0,0.0000
12,32,1972,2,1,100,1,0,0,0,0,0,1,0,1,0,0,0,0,0,1,0,0,0,0,0,0,1,0,0,-0.0347,0,0.0000
12,34,1972,2,1,100,1,0,4,4,0,2,4,0,1,1,0,0,0,0,1,0,0,0,0,0,0,0,0,0,-0.0211,0,0.0000
12,38,1972,2,1,100,1,0,1,2,0,1,3,0,1,1,0,0,0,0,0,0,0,0,0,0,1,0,0,0,-0.1264,0,0.0000
12,44,1972,2,1,100,1,0,8,4,1,3,4,0,1,1,0,0,0,0,1,0,0,0,0,0,0,0,0,0,0.0292,0,0.0000
12,45,1972,2,1,100,1,0,3,0,0,0,0,0,1,0,0,0,0,0,0,0,0,0,0,0,0,0,0,0,0.0000,0,0.0000
12,47,1972,2,1,100,1,0,3,3,0,1,3,0,1,1,0,0,0,0,0,0,0,0,0,0,0,0,0,0,-0.1311,0,0.0000
12,49,1972,2,1,100,1,0,7,4,0,0,4,0,1,1,0,0,0,2,0,0,0,0,0,0,0,0,0,0,0.1623,0,0.4582
12,50,1972,2,1,100,1,0,2,3,2,0,4,0,1,1,0,0,0,1,1,0,0,1,0,0,0,0,0,0,0.3709,0,0.0000
13,1,1972,1,1,100,1,0,2,5,1,2,5,0,1,1,0,0,0,0,0,0,0,0,0,0,0,0,0,0,-0.1664,0,-0.0200
13,6,1972,1,1,100,1,0,6,3,2,0,4,0,1,1,0,0,0,1,0,0,0,1,1,0,0,0,0,0,0.0565,0,0.0000
13,8,1972,1,1,100,1,0,0,1,1,0,1,0,1,0,0,0,0,0,0,0,0,0,0,0,0,0,0,0,0.0780,0,0.0000
13,10,1972,1,1,100,1,0,1,1,0,0,2,0,1,1,0,0,0,0,0,0,0,1,0,0,0,0,0,0,-0.0131,0,0.0000
13,11,1972,1,1,100,1,0,0,1,0,0,1,0,1,0,0,0,0,0,0,0,0,0,0,0,0,0,0,0,-0.0232,0,0.0000
13,15,1972,1,1,100,1,0,9,4,1,0,4,0,1,1,1,0,0,0,1,0,0,0,0,1,0,0,0,0,-0.0095,0,0.0130
13,16,1972,1,1,100,1,0,5,4,1,0,4,0,1,1,0,0,0,1,0,0,0,0,0,0,0,0,0,0,-0.0594,0,0.3268
13,17,1972,1,1,100,1,0,4,5,2,0,5,0,1,1,1,0,0,1,0,0,0,0,0,0,0,0,0,0,-0.0729,0,0.0000
13,19,1972,1,1,100,1,0,3,4,1,0,5,0,1,1,0,1,0,0,3,0,0,1,0,0,0,0,0,0,0.1234,0,0.0000
13,21,1972,1,1,100,1,0,7,4,1,0,4,0,1,1,0,0,0,0,0,0,0,0,0,0,0,0,0,0,0.0264,0,0.0000
13,23,1972,1,1,100,1,0,0,0,0,0,0,0,1,0,0,0,0,0,0,0,0,0,0,0,0,0,0,0,0.0000,0,0.0000
13,24,1972,1,1,100,1,0,8,5,0,1,5,0,1,1,0,0,0,1,0,0,0,0,0,0,0,0,0,0,-0.1400,0,0.0000
13,26,1972,2,1,100,1,0,9,4,2,0,4,0,1,1,0,0,1,2,2,0,0,0,0,0,0,0,0,0,0.2134,0,-0.0579
13,27,1972,2,1,100,1,0,5,4,1,0,4,0,1,1,0,0,0,0,0,0,0,0,0,1,0,0,0,0,-0.0826,0,0.0000
13,29,1972,2,1,100,1,0,6,5,3,0,5,0,1,1,0,0,0,2,0,0,0,0,0,0,0,0,0,0,0.0530,0,0.3007
13,34,1972,2,1,100,1,0,4,4,0,1,4,0,1,1,0,0,0,0,0,0,0,0,0,0,0,0,0,0,-0.0818,0,0.0000
13,38,1972,2,1,100,1,0,1,4,0,2,4,0,1,1,0,0,0,0,0,0,0,0,0,0,0,0,0,0,-0.0540,0,0.0000
13,44,1972,2,1,100,1,0,8,4,1,1,4,0,1,1,0,0,0,0,0,0,0,0,0,0,0,0,0,0,0.0048,0,0.2658
13,47,1972,2,1,100,1,0,3,2,1,0,4,0,1,1,0,0,0,1,1,0,0,2,0,0,0,0,0,0,0.0951,0,0.2427
13,49,1972,2,1,100,1,0,7,3,2,0,4,0,1,1,0,0,0,0,1,0,0,1,0,0,0,0,0,0,0.0971,0,0.1828
13,50,1972,2,1,100,1,0,2,3,0,2,4,0,1,1,0,0,0,0,1,0,0,0,0,0,0,1,0,0,-0.0379,0,0.0000
14,1,1972,1,1,100,1,0,2,4,3,0,5,0,1,1,0,0,0,2,0,0,0,1,0,0,0,0,0,0,0.1020,0,0.5140
14,6,1972,1,1,100,1,0,6,4,1,0,4,0,1,1,0,0,0,0,0,1,0,0,0,0,0,0,0,0,-0.0103,0,0.0000
14,10,1972,1,1,100,1,0,1,3,0,2,4,0,1,1,0,0,0,0,0,0,0,0,0,0,1,0,0,0,-0.0485,0,0.0000
14,15,1972,1,1,100,1,0,9,4,1,0,4,0,1,1,0,0,0,0,1,0,0,0,0,0,0,0,0,0,0.0007,0,0.0000
14,16,1972,1,1,100,1,0,5,4,1,0,5,0,1,1,1,0,0,0,1,0,0,1,0,0,0,0,0,0,-0.0552,0,0.0130
14,17,1972,1,1,100,1,0,4,5,1,0,5,0,1,1,0,1,0,1,0,0,0,0,0,0,0,0,0,0,-0.0435,0,0.0000
14,19,1972,1,1,100,1,0,3,5,1,2,5,0,1,1,0,0,0,0,0,0,0,0,0,1,0,0,0,0,-0.0967,0,0.0067
14,21,1972,1,1,100,1,0,7,4,2,1,4,0,1,1,0,0,0,0,0,0,0,0,0,0,0,0,0,0,-0.0597,0,0.0170
14,24,1972,1,1,100,1,0,8,5,3,0,5,0,1,1,1,0,0,0,1,0,0,0,0,0,0,0,0,0,0.0061,0,0.0000
14,26,1972,2,1,100,1,0,9,4,1,1,4,0,1,1,0,0,0,0,0,0,0,0,0,0,0,0,0,0,0.0267,0,0.0000
14,27,1972,2,1,100,1,0,5,4,1,0,4,0,1,1,0,0,1,1,2,0,0,0,0,0,0,0,0,0,0.3601,0,0.0000
14,29,1972,2,1,100,1,0,6,4,1,1,4,0,1,1,0,0,0,0,0,0,0,0,0,0,0,0,0,0,-0.0295,0,-0.1737
14,34,1972,2,1,100,1,0,4,4,2,0,4,0,1,1,0,0,0,0,1,0,0,0,0,0,0,0,0,0,0.0695,0,0.0000
14,38,1972,2,1,100,1,0,1,4,0,0,4,0,1,1,0,0,0,0,0,0,0,0,0,0,0,0,0,0,-0.1598,0,0.0000
14,44,1972,2,1,100,1,0,8,4,3,0,4,0,1,1,1,0,0,1,0,0,0,0,0,0,0,0,0,0,0.0636,0,-0.0139
14,47,1972,2,1,100,1,0,3,4,0,1,4,0,1,1,0,0,0,0,0,0,0,0,0,0,0,0,0,0,-0.0961,0,0.0000
14,49,1972,2,1,100,1,0,7,3,1,0,4,0,1,1,0,0,0,1,0,0,0,1,0,1,0,0,0,0,-0.0539,0,0.0000
14,50,1972,2,1,100,1,0,2,3,2,0,4,0,1,1,1,0,0,1,1,0,0,1,0,0,0,0,0,0,0.0743,0,0.2891
15,1,1972,1,1,100,1,0,2,4,0,0,4,0,1,1,0,0,0,0,0,0,0,0,0,0,0,0,0,0,-0.1061,0,0.0000
15,6,1972,1,1,100,1,0,6,4,2,1,4,0,1,1,2,0,0,1,1,0,0,0,0,0,0,0,0,0,0.1920,0,0.4108
15,8,1972,1,1,100,1,0,0,1,0,0,1,0,1,0,0,0,0,0,0,0,0,0,0,0,0,0,0,0,-0.0987,0,0.0000
15,10,1972,1,1,100,1,0,1,2,0,2,3,0,1,1,0,0,0,0,0,0,0,0,0,0,1,0,0,0,-0.0488,0,0.0000
15,15,1972,1,1,100,1,0,9,4,1,2,4,0,1,1,0,0,0,0,0,0,0,0,0,0,0,0,0,0,-0.1023,0,0.0000
15,16,1972,1,1,100,1,0,5,4,1,1,4,0,1,1,0,0,1,1,1,0,0,0,0,0,0,0,0,0,0.0018,0,0.0000
15,17,1972,1,1,100,1,0,4,3,2,0,5,0,1,1,0,0,0,0,1,0,0,1,0,0,0,1,0,0,0.1281,0,-0.0160
15,19,1972,1,1,100,1,0,3,3,0,1,4,0,1,1,0,0,0,0,0,0,0,1,0,0,0,0,0,0,-0.0881,0,0.0000
15,21,1972,1,1,100,1,0,7,4,2,1,4,0,1,1,0,1,0,1,0,0,0,0,0,0,0,0,0,0,0.0719,0,0.0000
15,24,1972,1,1,100,1,0,8,5,2,0,5,0,1,1,0,0,0,0,0,0,0,0,0,1,0,0,0,0,-0.1910,0,0.0000
15,26,1972,2,1,100,1,0,9,4,1,1,4,0,1,1,0,0,0,0,0,0,0,0,0,0,0,0,0,0,-0.1084,0,0.0000
15,27,1972,2,1,100,1,0,5,3,2,0,4,0,1,1,0,0,0,0,0,0,0,1,0,0,0,0,0,0,0.0411,0,0.0000
15,29,1972,2,1,100,1,0,6,4,1,0,4,0,1,1,0,0,0,1,1,1,0,0,0,0,0,0,0,0,0.0747,0,0.3441
15,34,1972,2,1,100,1,0,4,3,1,1,3,0,1,1,0,0,0,1,1,0,0,0,0,1,0,0,0,0,0.0832,0,0.0000
15,38,1972,2,1,100,1,0,1,2,0,0,3,0,1,1,0,0,0,0,0,0,0,0,0,0,1,0,0,0,-0.0242,0,0.0000
15,44,1972,2,1,100,1,0,8,4,2,0,4,0,1,1,0,0,0,1,0,0,0,0,0,0,0,0,0,0,0.0376,0,0.1246
15,47,1972,2,1,100,1,0,3,4,0,1,4,0,1,1,0,0,0,0,0,0,0,0,0,0,0,0,0,0,-0.0664,0,0.0000
15,49,1972,2,1,100,1,0,7,4,1,0,4,0,1,1,0,0,0,0,2,0,0,0,0,0,0,0,0,0,0.1261,0,0.0000
15,50,1972,2,1,100,1,0,2,3,1,1,4,0,1,1,0,0,0,1,0,0,0,1,0,0,0,0,0,0,0.0717,0,0.0020
16,1,1972,1,1,100,1,0,2,4,0,1,5,0,1,1,0,0,0,1,0,0,0,1,0,0,0,0,0,0,-0.1074,0,0.3560
16,3,1972,1,1,100,1,0,0,0,0,0,0,0,1,0,0,0,0,0,0,0,0,0,0,0,0,0,0,0,0.0000,0,0.0000
16,6,1972,1,1,100,1,0,6,4,0,0,5,0,1,1,0,0,0,0,1,0,0,1,0,0,0,0,0,0,0.1730,0,0.0000
16,8,1972,1,1,100,1,0,0,1,0,0,1,0,1,0,0,0,0,1,0,0,0,0,0,0,0,0,0,0,0.0035,0,0.0000
16,10,1972,1,1,100,1,0,1,2,0,1,2,0,1,1,0,0,0,0,0,0,0,0,0,0,0,0,0,0,-0.0620,0,0.0000
16,11,1972,1,1,100,1,0,0,1,0,0,1,0,1,0,0,0,0,0,0,0,0,0,0,0,0,0,0,0,-0.0241,0,0.0000
16,12,1972,1,1,100,1,0,0,0,0,0,1,0,1,0,0,0,0,0,0,0,0,0,0,0,1,0,0,0,-0.0209,0,0.0000
16,15,1972,1,1,100,1,0,9,4,0,1,5,0,1,1,0,0,0,0,0,0,0,1,1,1,0,0,0,0,-0.1644,0,0.0000
16,16,1972,1,1,100,1,0,5,5,2,0,5,0,1,1,0,0,0,0,1,0,0,0,0,0,0,0,0,0,-0.0333,0,0.0170
16,17,1972,1,1,100,1,0,4,5,2,1,6,0,1,1,0,0,0,2,0,0,0,1,0,0,0,0,0,0,0.0145,0,0.2328
16,19,1972,1,1,100,1,0,3,5,2,0,5,0,1,1,0,0,0,0,2,0,0,0,0,0,0,0,0,0,0.2330,0,0.0000
16,21,1972,1,1,100,1,0,7,5,3,1,5,0,1,1,0,1,0,1,1,0,0,0,0,0,0,0,0,0,0.2567,0,0.0000
16,23,1972,1,1,100,1,0,0,0,0,0,0,0,1,0,0,0,0,0,0,0,0,0,0,0,0,0,0,0,0.0000,0,0.0000
16,24,1972,1,1,100,1,0,8,5,2,0,5,0,1,1,1,0,0,2,2,0,0,0,0,0,0,0,0,0,-0.0017,0,0.3887
16,26,1972,2,1,100,1,0,9,3,1,0,5,0,1,1,1,0,0,0,3,0,0,1,0,0,0,0,1,0,0.0302,0,-0.5850
16,27,1972,2,1,100,1,0,5,5,2,0,5,0,1,1,0,0,1,1,1,0,0,0,0,0,0,0,0,0,0.1251,0,0.0000
16,28,1972,2,1,100,1,0,0,0,0,0,0,0,1,0,0,0,0,0,0,0,0,0,0,0,0,0,0,0,0.0000,0,0.0000
16,29,1972,2,1,100,1,0,6,5,1,0,5,0,1,1,0,0,0,1,1,0,0,0,0,0,0,0,0,0,-0.0789,0,0.2392
16,31,1972,2,1,100,1,0,0,0,0,0,1,0,1,0,0,0,0,0,0,0,0,1,0,0,0,0,0,0,0.0988,0,0.0000
16,32,1972,2,1,100,1,0,0,1,0,0,1,0,1,0,0,0,0,0,0,0,0,0,0,0,0,0,0,0,-0.0577,0,0.0000
16,33,1972,2,1,100,1,0,0,0,0,0,0,0,1,0,0,0,0,0,0,0,0,0,0,0,0,0,0,0,0.0000,0,0.0000
16,34,1972,2,1,100,1,0,4,4,1,0,4,0,1,1,0,0,0,1,1,0,0,0,0,1,0,0,0,0,-0.0073,0,0.0000
16,38,1972,2,1,100,1,0,1,3,1,2,3,0,1,1,0,0,0,1,0,0,0,0,0,0,0,0,0,0,-0.0119,0,0.0000
16,44,1972,2,1,100,1,0,8,5,2,2,5,0,1,1,0,1,0,1,0,0,0,0,0,0,0,0,0,0,-0.0675,0,-0.0497
16,47,1972,2,1,100,1,0,3,4,0,1,4,0,1,1,0,0,0,0,0,0,0,0,0,1,0,0,0,0,-0.1276,0,0.0000
16,49,1972,2,1,100,1,0,7,4,1,0,5,0,1,1,0,0,0,0,0,0,0,1,0,0,0,0,0,0,-0.0893,0,0.0000
16,50,1972,2,1,100,1,0,2,4,2,1,5,0,1,1,0,0,0,1,0,0,0,1,1,0,0,0,0,0,-0.0952,0,-0.0160
17,1,1972,1,1,100,1,0,2,4,1,0,5,0,1,1,0,0,0,0,0,0,0,1,0,0,0,0,0,0,-0.0197,0,0.0000
17,3,1972,1,1,100,1,0,0,0,0,0,0,0,1,0,0,0,0,0,0,0,0,0,0,0,0,0,0,0,0.0000,0,0.0000
17,6,1972,1,1,100,1,0,6,4,1,0,4,0,1,1,0,0,0,1,0,0,0,0,0,0,0,0,0,0,0.0105,0,0.0000
17,8,1972,1,1,100,1,0,0,1,1,0,1,0,1,0,0,0,0,1,0,0,0,0,0,0,0,0,0,0,0.1219,0,0.1621
17,10,1972,1,1,100,1,0,1,2,1,0,3,0,1,1,0,0,0,0,0,0,0,1,0,0,0,0,0,0,0.0356,0,0.0061
17,11,1972,1,1,100,1,0,9,0,0,0,0,0,1,0,0,0,0,0,0,0,0,0,0,0,0,0,0,0,0.0000,0,0.0000
17,15,1972,1,1,100,1,0,9,5,1,0,5,0,1,1,0,0,1,1,3,0,0,0,0,1,0,0,0,0,-0.1149,0,0.0000
17,16,1972,1,1,100,1,0,5,5,2,1,5,0,1,1,1,0,0,1,0,0,0,0,0,0,0,0,0,0,-0.0239,0,-0.1206
17,17,1972,1,1,100,1,0,4,5,1,1,5,0,1,1,1,0,0,1,2,0,1,0,0,0,0,0,0,0,0.2836,0,0.1417
17,19,1972,1,1,100,1,0,3,4,2,1,5,0,1,1,0,0,0,0,0,0,0,1,0,0,0,0,0,0,0.0678,0,-0.0160
17,21,1972,1,1,100,1,0,7,3,1,1,5,0,1,1,0,0,0,1,0,0,0,1,0,0,0,0,1,0,-0.0075,0,0.0000
17,24,1972,1,1,100,1,0,8,5,2,0,5,0,1,1,0,0,0,0,1,0,0,0,0,0,0,0,0,0,0.1375,0,-0.0193
17,26,1972,2,1,100,1,0,9,4,1,0,4,0,1,1,0,0,0,1,0,0,0,0,0,0,0,0,0,0,0.0436,0,0.0000
17,27,1972,2,1,100,1,0,5,4,2,0,4,0,1,1,1,0,1,2,1,0,0,0,0,0,0,0,0,0,0.0918,0,0.0000
17,29,1972,2,1,100,1,0,6,4,0,1,4,0,1,1,0,0,0,1,0,0,0,0,0,0,0,0,0,0,0.0070,0,0.4701
17,32,1972,2,1,100,1,0,0,1,0,0,1,0,1,0,0,0,0,0,0,0,0,0,0,0,0,0,0,0,-0.0876,0,0.0000
17,33,1972,2,1,100,1,0,0,0,0,0,0,0,1,0,0,0,0,0,0,0,0,0,0,0,0,0,0,0,0.0000,0,0.0000
17,34,1972,2,1,100,1,0,4,3,1,1,3,0,1,1,0,0,0,0,0,0,0,0,0,0,0,0,0,0,-0.0100,0,0.0000
17,38,1972,2,1,100,1,0,1,3,0,1,3,0,1,1,0,0,0,0,0,0,0,0,0,0,0,0,0,0,-0.0293,0,0.0000
17,44,1972,2,1,100,1,0,8,4,0,1,4,0,1,1,0,0,0,0,0,0,0,0,0,0,0,0,0,0,-0.0983,0,0.0000
17,47,1972,2,1,100,1,0,3,3,1,0,3,0,1,1,0,0,1,1,3,0,0,0,0,0,0,0,0,0,0.1193,0,0.0000
17,49,1972,2,1,100,1,0,7,3,0,0,4,0,1,1,0,0,0,0,1,0,0,0,0,0,0,1,0,0,-0.0194,0,0.0000
17,50,1972,2,1,100,1,0,2,4,0,0,4,0,1,1,0,0,0,0,0,0,0,0,0,0,0,0,0,0,-0.0664,0,0.0000
18,1,1972,1,1,100,1,0,2,4,2,1,4,0,1,1,0,0,1,1,1,0,0,0,0,0,0,0,0,0,0.0780,0,0.0000
18,6,1972,1,1,100,1,0,6,4,0,0,4,0,1,1,0,0,0,0,0,0,0,0,0,0,0,0,0,0,-0.1867,0,0.0000
18,8,1972,1,1,100,1,0,0,1,0,0,1,0,1,0,0,0,0,0,0,0,0,0,0,0,0,0,0,0,-0.0543,0,0.0000
18,10,1972,1,1,100,1,0,1,3,1,1,3,0,1,1,0,1,0,0,1,0,0,0,0,0,0,0,0,0,0.1081,0,0.0000
18,15,1972,1,1,100,1,0,9,4,1,1,4,0,1,1,1,0,0,1,0,0,0,0,0,0,0,0,0,0,0.1133,0,0.0000
18,16,1972,1,1,100,1,0,5,4,1,0,4,0,1,1,0,0,0,0,0,0,0,0,0,0,0,0,0,0,-0.0886,0,0.0000
18,17,1972,1,1,100,1,0,4,4,0,1,5,0,1,1,0,0,0,0,0,0,0,1,1,0,0,0,0,0,-0.0649,0,0.0000
18,19,1972,1,1,100,1,0,3,4,1,2,4,0,1,1,0,0,0,0,0,0,0,0,0,0,0,0,0,0,-0.1156,0,0.0780
18,21,1972,1,1,100,1,0,7,4,1,0,4,0,1,1,0,0,0,1,0,0,0,0,0,0,0,0,0,0,0.0208,0,0.0000
18,24,1972,1,1,100,1,0,8,4,0,0,4,0,1,1,0,0,0,0,0,0,0,0,0,0,0,0,0,0,-0.1669,0,0.0000
18,26,1972,2,1,100,1,0,9,4,2,0,4,0,1,1,1,0,0,1,0,0,0,0,0,0,0,0,0,0,0.0660,0,0.0000
18,27,1972,2,1,100,1,0,5,4,2,0,4,0,1,1,1,0,0,0,0,0,0,0,0,0,0,0,0,0,0.0225,0,-0.0240
18,29,1972,2,1,100,1,0,6,4,1,2,4,0,1,1,0,0,0,1,0,0,0,0,0,0,0,0,0,0,-0.0368,0,0.3094
18,34,1972,2,1,100,1,0,4,4,0,2,4,0,1,1,0,0,0,0,0,0,0,0,0,0,0,0,0,0,-0.1387,0,0.0000
18,38,1972,2,1,100,1,0,1,2,0,0,3,0,1,1,0,0,0,0,0,0,0,0,0,1,1,0,0,0,-0.1336,0,0.0000
18,44,1972,2,1,100,1,0,8,4,2,0,4,0,1,1,1,0,0,1,0,0,0,0,0,0,0,0,0,0,0.0003,0,-0.0145
18,47,1972,2,1,100,1,0,3,4,1,1,4,0,1,1,0,0,0,0,0,0,0,0,0,0,0,0,0,0,-0.0095,0,0.0000
18,49,1972,2,1,100,1,0,7,3,1,0,4,0,1,1,0,0,1,1,2,0,0,0,0,0,0,1,0,0,0.2618,0,0.0000
18,50,1972,2,1,100,1,0,2,2,1,0,4,0,1,1,0,0,0,0,0,0,0,2,0,0,0,0,0,0,0.0422,0,0.0000
19,1,1972,1,1,100,1,0,2,4,1,1,4,0,1,1,0,0,1,1,1,0,0,0,0,0,0,0,0,0,0.0278,0,0.0000
19,6,1972,1,1,100,1,0,6,4,1,0,4,0,1,1,0,0,0,0,0,0,0,0,0,0,0,0,0,0,-0.0066,0,0.0000
19,10,1972,1,1,100,1,0,1,3,1,0,4,0,1,1,0,0,0,0,0,0,0,0,0,0,1,0,0,0,-0.0397,0,-0.0673
19,15,1972,1,1,100,1,0,9,3,1,0,4,0,1,1,0,0,0,0,0,0,0,1,0,0,0,0,0,0,-0.0133,0,-0.0026
19,16,1972,1,1,100,1,0,5,4,1,0,4,0,1,1,0,0,0,0,0,0,0,0,0,0,0,0,0,0,-0.0288,0,0.0000
19,17,1972,1,1,100,1,0,4,5,2,0,5,0,1,1,1,0,0,1,0,0,0,0,0,0,0,0,0,0,0.0055,0,0.0000
19,19,1972,1,1,100,1,0,3,4,1,1,4,0,1,1,0,0,0,0,3,0,0,0,0,0,0,0,0,0,0.3332,0,0.0000
19,21,1972,1,1,100,1,0,7,4,1,1,4,0,1,1,0,0,0,0,0,0,0,0,0,1,0,0,0,0,-0.0911,0,0.0000
19,24,1972,1,1,100,1,0,8,5,1,0,5,0,1,1,0,1,0,2,0,0,0,0,0,0,0,0,0,0,-0.0849,0,0.0000
19,26,1972,2,1,100,1,0,9,3,0,3,4,0,1,1,0,0,0,0,0,0,0,1,0,0,0,0,0,0,-0.0834,0,0.0000
19,27,1972,2,1,100,1,0,5,4,1,1,4,0,1,1,0,0,0,1,0,0,0,0,0,0,0,0,0,0,-0.0410,0,0.0834
19,29,1972,2,1,100,1,0,6,4,0,0,4,0,1,1,0,0,0,0,0,0,0,0,0,0,0,0,0,0,-0.0834,0,0.0000
19,32,1972,2,1,100,1,0,0,1,0,0,1,0,1,0,0,0,0,0,0,0,0,0,0,0,0,0,0,0,-0.0876,0,0.0000
19,34,1972,2,1,100,1,0,4,3,1,1,3,0,1,1,0,0,1,1,3,0,0,0,0,0,0,0,0,0,0.2186,0,0.0000
19,38,1972,2,1,100,1,0,1,3,0,3,3,0,1,1,0,0,0,0,0,0,0,0,0,0,0,0,0,0,-0.0665,0,0.0000
19,44,1972,2,1,100,1,0,8,4,1,1,4,0,1,1,0,0,0,0,0,0,0,0,0,0,0,0,0,0,-0.1193,0,0.0000
19,47,1972,2,1,100,1,0,3,2,0,0,3,0,1,1,0,0,0,0,0,0,0,1,0,0,0,0,0,0,-0.0220,0,0.0000
19,49,1972,2,1,100,1,0,7,4,1,1,4,0,1,1,1,0,0,0,0,0,0,0,0,0,0,0,0,0,-0.0580,0,0.0000
19,50,1972,2,1,100,1,0,2,4,1,0,4,0,1,1,0,0,0,1,0,0,0,0,0,0,0,0,0,0,-0.0649,0,0.0000
20,1,1972,1,1,100,1,0,2,4,0,3,4,0,1,1,0,0,0,0,0,0,0,0,0,0,0,0,0,0,-0.1745,0,0.0000
20,6,1972,1,1,100,1,0,6,3,2,1,3,0,1,1,1,0,0,0,0,0,0,0,0,0,0,0,0,0,0.0671,0,0.0000
20,10,1972,1,1,100,1,0,1,1,0,0,3,0,1,1,0,0,0,0,0,0,0,0,0,0,2,0,0,0,-0.1015,0,0.0000
20,15,1972,1,1,100,1,0,9,3,1,0,3,0,1,1,0,0,0,0,0,0,0,0,0,0,0,0,0,0,-0.0044,0,0.0000
20,16,1972,1,1,100,1,0,5,4,0,1,4,0,1,1,0,0,0,0,0,0,0,0,0,0,0,0,0,0,-0.1197,0,0.0000
20,17,1972,1,1,100,1,0,4,3,1,1,4,0,1,1,0,0,0,0,0,1,1,1,0,0,0,0,0,0,0.0180,0,-0.0183
20,19,1972,1,1,100,1,0,3,4,2,1,4,0,1,1,1,0,1,1,1,0,0,0,0,0,0,0,0,0,0.1055,0,0.0000
20,21,1972,1,1,100,1,0,7,4,0,0,4,0,1,1,0,0,0,0,0,0,0,0,0,0,0,0,0,0,-0.0965,0,0.0000
20,24,1972,1,1,100,1,0,8,4,0,1,4,0,1,1,0,0,0,0,0,0,0,0,0,0,0,0,0,0,-0.1514,0,0.0000
20,26,1972,2,1,100,1,0,9,4,2,0,4,0,1,1,0,0,0,0,1,0,0,0,0,0,0,0,0,0,0.1390,0,-0.0026
20,27,1972,2,1,100,1,0,5,3,1,0,4,0,1,1,0,0,0,0,0,0,0,1,0,0,0,0,0,0,-0.0055,0,0.0000
20,29,1972,2,1,100,1,0,6,4,1,0,4,0,1,1,1,0,0,2,0,0,0,0,0,0,0,0,0,0,0.2090,0,0.3673
20,34,1972,2,1,100,1,0,4,3,1,0,3,0,1,1,0,0,0,0,0,0,0,0,0,1,0,0,0,0,-0.0721,0,0.0000
20,38,1972,2,1,100,1,0,1,3,0,1,3,0,1,1,0,0,0,0,0,0,0,0,0,0,0,0,0,0,-0.0970,0,0.0000
20,44,1972,2,1,100,1,0,8,3,0,0,3,0,1,1,0,0,0,0,0,0,0,0,0,0,0,0,0,0,-0.0928,0,0.0000
20,47,1972,2,1,100,1,0,3,4,0,1,4,0,1,1,0,0,0,0,0,0,0,0,0,0,0,0,0,0,-0.0973,0,0.0000
20,49,1972,2,1,100,1,0,7,3,0,0,4,0,1,1,0,0,0,0,1,0,0,0,0,0,0,1,0,0,-0.0317,0,0.0000
20,50,1972,2,1,100,1,0,2,2,1,1,3,0,1,1,0,0,0,0,0,0,0,1,0,0,0,0,0,0,0.0327,0,0.0000
21,1,1972,1,1,100,1,0,2,4,0,0,4,0,1,1,0,0,0,0,0,0,0,0,0,0,0,0,0,0,-0.1079,0,0.0000
21,3,1972,1,1,100,1,0,0,0,0,0,0,0,1,0,0,0,0,0,0,0,0,0,0,0,0,0,0,0,0.0000,0,0.0000
21,6,1972,1,1,100,1,0,6,3,1,0,3,0,1,1,0,1,0,0,2,0,0,0,0,0,0,0,0,0,0.1598,0,0.0000
21,8,1972,1,1,100,1,0,0,1,0,0,1,0,1,0,0,0,0,0,0,0,0,0,0,0,0,0,0,0,-0.0417,0,0.0000
21,10,1972,1,1,100,1,0,1,2,0,0,2,0,1,1,0,0,0,0,0,0,0,0,0,0,0,0,0,0,-0.0392,0,0.0000
21,15,1972,1,1,100,1,0,9,3,0,2,3,0,1,1,0,0,0,0,0,0,0,0,0,0,0,0,0,0,-0.1179,0,0.0000
21,16,1972,1,1,100,1,0,5,1,0,0,4,0,1,1,0,0,0,1,0,0,0,3,0,0,0,0,0,0,0.1235,0,-0.0529
21,17,1972,1,1,100,1,0,4,4,0,1,4,0,1,1,0,0,0,0,0,0,0,0,0,0,0,0,0,0,-0.0763,0,0.0000
21,19,1972,1,1,100,1,0,3,4,1,3,4,0,1,1,1,0,0,0,0,0,0,0,0,0,0,0,0,0,-0.0731,0,0.0000
21,21,1972,1,1,100,1,0,7,4,1,1,4,0,1,1,0,0,0,1,0,0,0,0,0,0,0,0,0,0,-0.1015,0,0.0000
21,24,1972,1,1,100,1,0,8,4,0,0,4,0,1,1,0,0,0,0,0,0,0,0,0,0,0,0,0,0,-0.0675,0,0.0000
21,26,1972,2,1,100,1,0,9,4,2,0,4,0,1,1,1,0,0,2,1,0,0,0,0,0,0,0,0,0,0.1967,0,0.6073
21,27,1972,2,1,100,1,0,5,4,0,0,4,0,1,1,0,0,0,0,0,0,0,0,0,0,0,0,0,0,-0.1919,0,0.0000
21,29,1972,2,1,100,1,0,6,4,1,0,4,0,1,1,1,0,0,1,0,0,0,0,0,0,0,0,0,0,0.0348,0,0.0000
21,31,1972,2,1,100,1,0,0,1,0,1,1,0,1,0,0,0,0,0,0,0,0,0,0,0,0,0,0,0,-0.0290,0,0.0000
21,33,1972,2,1,100,1,0,0,0,0,0,0,0,1,0,0,0,0,0,0,0,0,0,0,0,0,0,0,0,0.0000,0,0.0000
21,34,1972,2,1,100,1,0,4,3,0,0,3,0,1,1,0,0,0,0,0,0,0,0,0,0,0,0,0,0,-0.1283,0,0.0000
21,38,1972,2,1,100,1,0,1,2,0,1,2,0,1,1,0,0,0,0,0,0,0,0,0,0,0,0,0,0,-0.0583,0,0.0000
21,44,1972,2,1,100,1,0,8,4,2,0,4,0,1,1,1,0,0,0,0,0,0,0,0,0,0,0,0,0,-0.0586,0,0.0000
21,47,1972,2,1,100,1,0,3,3,2,0,4,0,1,1,0,0,0,0,2,0,0,0,0,0,0,1,0,0,0.2493,0,0.0000
21,49,1972,2,1,100,1,0,7,4,2,0,4,0,1,1,0,0,0,0,0,0,0,0,0,0,0,0,0,0,0.2329,0,-0.3603
21,50,1972,2,1,100,1,0,2,3,0,0,4,0,1,1,0,0,0,0,0,0,0,1,0,0,0,0,0,0,-0.1296,0,0.0000
22,1,1972,1,1,100,1,0,2,5,1,1,5,0,1,1,1,0,0,0,0,0,0,0,0,0,0,0,0,0,-0.0853,0,0.0000
22,3,1972,1,1,100,1,0,0,0,0,0,0,0,1,0,0,0,0,0,0,0,0,0,0,0,0,0,0,0,0.0000,0,0.0000
22,6,1972,1,1,100,1,0,6,4,1,1,4,0,1,1,0,0,0,0,0,2,0,0,0,0,0,0,0,0,-0.0588,0,0.0000
22,8,1972,1,1,100,1,0,9,1,0,0,1,0,1,0,0,0,0,0,0,0,0,0,0,0,0,0,0,0,-0.0591,0,0.0000
22,10,1972,1,1,100,1,0,1,3,1,1,3,0,1,1,0,0,0,1,0,0,0,0,0,0,0,0,0,0,0.0146,0,0.2440
22,15,1972,1,1,100,1,0,9,4,1,0,4,0,1,1,0,0,0,0,0,0,0,0,0,0,0,0,0,0,-0.1592,0,0.0000
22,16,1972,1,1,100,1,0,5,4,2,1,4,0,1,1,2,0,0,0,0,0,0,0,0,0,0,0,0,0,0.0645,0,0.0000
22,17,1972,1,1,100,1,0,4,4,2,0,5,0,1,1,0,0,0,1,0,3,0,1,1,0,0,0,0,0,0.3560,0,0.0000
22,19,1972,1,1,100,1,0,3,3,0,1,5,0,1,1,0,0,0,0,1,0,0,1,0,0,0,1,0,0,-0.1156,0,0.0000
22,21,1972,1,1,100,1,0,7,2,0,0,4,0,1,1,0,0,0,0,0,0,0,2,1,0,0,0,0,0,0.0035,0,0.0000
22,24,1972,1,1,100,1,0,8,5,1,0,5,0,1,1,0,0,0,0,1,1,0,0,0,0,0,0,0,0,-0.0544,0,0.0000
22,26,1972,2,1,100,1,0,9,4,1,0,4,0,1,1,0,0,0,0,0,0,0,0,0,0,0,0,0,0,-0.0468,0,0.0000
22,27,1972,2,1,100,1,0,5,3,0,0,3,0,1,1,0,0,0,0,0,0,0,0,0,0,0,0,0,0,-0.0989,0,0.0000
22,29,1972,2,1,100,1,0,6,3,0,0,4,0,1,1,0,0,0,0,0,0,0,1,0,0,0,0,0,0,-0.0501,0,0.0598
22,31,1972,2,1,100,1,0,2,1,0,1,1,0,1,0,0,0,0,0,0,0,0,0,0,0,0,0,0,0,-0.0459,0,0.0000
22,32,1972,2,1,100,1,0,0,1,0,0,1,0,1,0,0,0,0,0,0,0,0,0,0,0,0,0,0,0,-0.0673,0,0.0000
22,33,1972,2,1,100,1,0,0,0,0,0,0,0,1,0,0,0,0,0,0,0,0,0,0,0,0,0,0,0,0.0000,0,0.0000
22,34,1972,2,1,100,1,0,4,3,1,1,3,0,1,1,0,0,1,1,1,0,0,0,0,0,0,0,0,0,0.0884,0,0.0000
22,38,1972,2,1,100,1,0,1,2,0,1,2,0,1,1,0,0,0,0,0,0,0,0,0,0,0,0,0,0,-0.0504,0,0.0000
22,44,1972,2,1,100,1,0,8,3,0,0,3,0,1,1,0,0,0,0,0,0,0,0,0,0,0,0,0,0,-0.0708,0,0.0000
22,47,1972,2,1,100,1,0,3,4,0,1,4,0,1,1,0,0,0,0,0,0,0,0,0,0,0,0,0,0,-0.1057,0,0.0000
22,49,1972,2,1,100,1,0,7,4,1,0,4,0,1,1,0,0,0,0,0,0,0,0,0,0,0,0,0,0,-0.1099,0,0.0000
22,50,1972,2,1,100,1,0,2,2,0,1,3,0,1,1,0,0,0,0,0,0,0,1,0,0,0,0,0,0,-0.0244,0,0.0000
23,1,1972,1,1,100,1,0,2,5,0,1,5,0,1,1,0,0,0,0,0,0,0,0,0,0,0,0,0,0,-0.0893,0,0.0000
23,3,1972,1,1,100,1,0,0,0,0,0,0,0,1,0,0,0,0,0,0,0,0,0,0,0,0,0,0,0,0.0000,0,0.0000
23,6,1972,1,1,100,1,0,6,5,1,1,5,0,1,1,1,0,0,1,1,0,0,0,0,0,0,0,0,0,0.1028,0,0.2261
23,8,1972,1,1,100,1,0,0,1,0,1,2,0,1,0,0,0,0,0,0,0,0,1,0,0,0,0,0,0,-0.0113,0,0.0000
23,10,1972,1,1,100,1,0,1,3,1,0,3,0,1,1,0,0,0,1,0,0,0,0,0,0,0,0,0,0,-0.0069,0,0.0000
23,11,1972,1,1,100,1,0,0,1,0,0,1,0,1,0,0,0,0,0,0,0,0,0,0,0,0,0,0,0,-0.0625,0,0.0000
23,12,1972,1,1,100,1,0,0,0,0,0,0,0,1,0,0,0,0,0,0,0,0,0,0,0,0,0,0,0,0.0000,0,0.0000
23,13,1972,1,1,100,1,0,0,1,0,1,1,0,1,0,0,0,0,0,0,0,0,0,0,0,0,0,0,0,-0.0924,0,0.0000
23,15,1972,1,1,100,1,0,9,3,0,0,3,0,1,1,0,0,0,0,0,0,0,0,0,0,0,0,0,0,-0.0343,0,0.0000
23,16,1972,1,1,100,1,0,5,5,1,0,5,0,1,1,1,0,0,1,0,0,0,0,0,0,0,0,0,0,0.0334,0,0.0000
23,17,1972,1,1,100,1,0,4,4,2,0,6,0,1,1,0,0,0,1,0,0,0,2,1,0,0,0,0,0,0.0939,0,0.4668
23,19,1972,1,1,100,1,0,3,6,2,2,6,0,1,1,1,0,0,0,2,0,0,0,0,0,0,0,0,0,0.1561,0,0.0130
23,21,1972,1,1,100,1,0,7,5,0,1,5,0,1,1,0,0,0,0,0,0,0,0,0,0,0,0,0,0,-0.1854,0,0.0000
23,23,1972,1,1,100,1,0,0,0,0,0,0,0,1,0,0,0,0,0,0,0,0,0,0,0,0,0,0,0,0.0000,0,0.0000
23,24,1972,1,1,100,1,0,8,6,1,1,6,0,1,1,0,0,0,0,1,0,0,0,0,0,0,0,0,0,0.1514,0,0.0000
23,26,1972,2,1,100,1,0,9,5,1,1,5,0,1,1,0,0,0,0,0,0,0,0,0,0,0,0,0,0,-0.0559,0,0.0000
23,27,1972,2,1,100,1,0,5,3,0,0,5,0,1,1,0,0,0,0,1,0,0,1,0,0,0,1,0,0,0.0101,0,0.0000
23,28,1972,2,1,100,1,0,0,0,0,0,0,0,1,0,0,0,0,0,0,0,0,0,0,0,0,0,0,0,0.0000,0,0.0000
23,29,1972,2,1,100,1,0,6,4,1,0,5,0,1,1,1,0,0,1,0,0,0,1,0,0,0,0,0,0,-0.0014,0,-0.0189
23,31,1972,2,1,100,1,0,2,2,0,1,2,0,1,0,0,0,0,0,0,0,0,0,0,0,0,0,0,0,-0.1036,0,0.0000
23,32,1972,2,1,100,1,0,0,0,0,0,1,0,1,0,0,0,0,0,0,0,0,1,0,0,0,0,0,0,0.0554,0,0.0000
23,33,1972,2,1,100,1,0,0,0,0,0,0,0,1,0,0,0,0,0,0,0,0,0,0,0,0,0,0,0,0.0000,0,0.0000
23,34,1972,2,1,100,1,0,4,4,0,0,5,0,1,1,0,0,0,0,1,0,0,0,0,1,0,1,0,0,-0.1970,0,0.0000
23,38,1972,2,1,100,1,0,1,2,1,0,2,0,1,1,0,0,0,0,0,0,0,0,0,0,0,0,0,0,-0.0035,0,0.0000
23,44,1972,2,1,100,1,0,8,5,1,0,5,0,1,1,0,0,0,1,0,0,0,0,0,0,0,0,0,0,-0.1190,0,0.3649
23,47,1972,2,1,100,1,0,3,5,0,1,5,0,1,1,0,0,0,0,0,0,0,0,0,0,0,0,0,0,-0.1232,0,0.0000
23,48,1972,2,1,100,1,0,0,1,0,0,1,0,1,0,0,0,0,0,0,0,0,0,0,0,0,0,0,0,-0.0673,0,0.0000
23,49,1972,2,1,100,1,0,7,5,1,1,5,0,1,1,0,0,1,1,1,0,0,0,0,0,0,0,0,0,0.1906,0,0.0000
23,50,1972,2,1,100,1,0,2,3,0,1,3,0,1,1,0,0,0,0,0,0,0,0,0,0,0,0,0,0,-0.0696,0,0.0000
24,1,1972,1,1,100,1,0,2,5,1,1,7,0,1,1,0,0,0,0,0,0,0,2,0,0,0,0,0,0,-0.0268,0,0.0000
24,3,1972,1,1,100,1,0,0,1,0,0,2,0,1,0,0,0,0,0,0,0,0,0,0,0,1,0,0,0,-0.0671,0,0.0000
24,6,1972,1,1,100,1,0,6,4,2,1,6,0,1,1,1,0,0,2,0,0,1,2,0,0,0,0,0,0,0.0887,0,0.4612
24,8,1972,1,1,100,1,0,0,1,0,0,1,0,1,0,0,0,0,0,0,0,0,0,0,0,0,0,0,0,-0.0796,0,0.0000
24,10,1972,1,1,100,1,0,1,3,2,1,3,0,1,1,0,0,0,1,1,0,0,0,0,0,0,0,0,0,0.1005,0,0.3268
24,11,1972,1,1,100,1,0,0,0,0,0,0,0,1,0,0,0,0,0,0,0,0,0,0,0,0,0,0,0,0.0000,0,0.0000
24,12,1972,1,1,100,1,0,0,0,0,0,0,0,1,0,0,0,0,0,0,0,0,0,0,0,0,0,0,0,0.0000,0,0.0000
24,13,1972,1,1,100,1,0,4,4,1,0,4,0,1,0,0,0,0,0,0,0,0,0,0,1,0,0,0,0,-0.2021,0,0.0000
24,15,1972,1,1,100,1,0,9,6,1,1,6,0,1,1,0,0,0,1,0,0,0,0,0,0,0,0,0,0,-0.2547,0,0.0000
24,16,1972,1,1,100,1,0,5,6,0,1,6,0,1,1,0,0,0,0,0,0,0,0,0,0,0,0,0,0,-0.1377,0,0.0000
24,17,1972,1,1,100,1,0,4,2,1,0,3,0,1,1,0,0,0,0,1,0,0,0,0,0,0,1,0,0,0.0174,0,0.0000
24,19,1972,1,1,100,1,0,3,7,3,2,7,0,1,1,1,0,0,0,3,0,0,0,0,0,0,0,0,0,0.3485,0,-0.5755
24,21,1972,1,1,100,1,0,7,4,1,0,6,0,1,1,0,0,0,0,0,1,0,2,1,0,0,0,0,0,0.1439,0,0.0000
24,24,1972,1,1,100,1,0,8,5,1,1,7,0,1,1,1,0,0,2,1,0,0,2,0,0,0,0,0,0,-0.0154,0,0.4793
24,26,1972,2,1,100,1,0,9,6,2,0,6,0,1,1,2,0,0,0,2,0,0,0,0,0,0,0,0,0,0.2522,0,0.0460
24,27,1972,2,1,100,1,0,5,6,1,0,6,0,1,1,0,0,0,0,0,0,0,0,0,0,0,0,0,0,-0.2232,0,0.0000
24,28,1972,2,1,100,1,0,0,1,0,0,1,0,1,0,0,0,0,0,0,0,0,0,0,0,0,0,0,0,-0.0403,0,0.0000
24,29,1972,2,1,100,1,0,6,6,2,0,6,0,1,1,0,1,0,2,1,0,0,0,0,0,0,0,0,0,0.0734,0,0.2392
24,31,1972,2,1,100,1,0,0,1,0,0,1,0,1,0,0,0,0,0,0,0,0,0,0,0,0,0,0,0,-0.0853,0,0.0000
24,32,1972,2,1,100,1,0,3,4,0,1,4,0,1,0,0,0,0,0,0,0,0,0,0,0,0,0,0,0,-0.1804,0,0.0000
24,33,1972,2,1,100,1,0,0,1,0,0,1,0,1,0,0,0,0,0,0,0,0,0,0,0,0,0,0,0,-0.0097,0,0.0000
24,34,1972,2,1,100,1,0,4,5,1,0,5,0,1,1,0,0,0,1,0,0,0,0,0,0,0,0,0,0,-0.0831,0,0.0000
24,37,1972,2,1,100,1,0,0,1,0,0,1,0,1,0,0,0,0,0,0,0,0,0,0,0,0,0,0,0,-0.0673,0,0.0000
24,38,1972,2,1,100,1,0,1,0,0,0,0,0,1,1,0,0,0,0,0,0,0,0,0,0,0,0,0,0,0.0000,0,0.0000
24,44,1972,2,1,100,1,0,8,6,1,0,6,0,1,1,0,0,0,0,0,0,0,0,0,0,0,0,0,0,-0.1231,0,0.0000
24,47,1972,2,1,100,1,0,3,1,1,0,2,0,1,1,0,0,0,0,1,0,0,0,0,0,0,1,0,0,0.0059,0,0.0000
24,48,1972,2,1,100,1,0,0,1,1,0,1,0,1,0,0,0,0,0,0,0,0,0,0,0,0,0,0,0,0.0278,0,0.0000
24,49,1972,2,1,100,1,0,7,5,1,1,6,0,1,1,0,0,0,1,0,0,0,1,1,0,0,0,0,0,-0.1206,0,0.1402
24,50,1972,2,1,100,1,0,2,6,2,1,6,0,1,1,0,0,1,1,1,0,0,0,0,0,0,0,0,0,-0.1111,0,0.0000
25,1,1972,1,1,100,1,0,2,4,1,0,4,0,1,1,0,0,0,0,0,0,0,0,0,0,0,0,0,0,-0.1647,0,0.0000
25,6,1972,1,1,100,1,0,6,3,1,1,4,0,1,1,0,0,0,0,0,0,0,1,1,0,0,0,0,0,0.0132,0,0.0000
25,8,1972,1,1,100,1,0,0,1,0,1,1,0,1,0,0,0,0,0,0,0,0,0,0,0,0,0,0,0,-0.0441,0,0.0000
25,10,1972,1,1,100,1,0,1,2,1,1,2,0,1,1,0,0,0,0,0,0,0,0,0,0,0,0,0,0,-0.0794,0,0.0000
25,11,1972,1,1,100,1,0,0,1,0,1,1,0,1,0,0,0,0,0,0,0,0,0,0,0,0,0,0,0,-0.0543,0,0.0000
25,12,1972,1,1,100,1,0,0,0,0,0,0,0,1,0,0,0,0,0,0,0,0,0,0,0,0,0,0,0,0.0000,0,0.0000
25,15,1972,1,1,100,1,0,9,3,1,0,3,0,1,1,1,0,0,1,0,0,0,0,0,0,0,0,0,0,0.0783,0,0.0000
25,16,1972,1,1,100,1,0,5,4,1,0,4,0,1,1,0,0,0,0,0,0,0,0,0,1,0,0,0,0,-0.2117,0,0.0000
25,17,1972,1,1,100,1,0,4,4,0,1,4,0,1,1,0,0,0,0,0,0,0,0,0,0,0,0,0,0,-0.1780,0,0.0000
25,19,1972,1,1,100,1,0,3,4,1,1,4,0,1,1,0,0,0,0,0,0,0,0,0,0,0,0,0,0,0.0634,0,0.0000
25,21,1972,1,1,100,1,0,7,4,1,0,4,0,1,1,0,0,0,0,0,0,0,0,0,1,0,0,0,0,-0.1184,0,0.0000
25,24,1972,1,1,100,1,0,8,4,3,0,4,0,1,1,0,0,0,0,0,0,1,0,0,0,0,0,0,0,0.0179,0,0.1194
25,26,1972,2,1,100,1,0,9,3,0,0,4,0,1,1,0,0,0,0,0,0,0,1,0,0,0,0,0,0,-0.0615,0,0.0000
25,27,1972,2,1,100,1,0,5,4,1,0,4,0,1,1,0,0,1,1,2,0,0,0,0,0,0,0,0,0,0.1197,0,0.0000
25,29,1972,2,1,100,1,0,6,4,1,2,4,0,1,1,0,0,0,0,0,0,0,0,0,0,0,0,0,0,-0.0484,0,-0.0036
25,31,1972,2,1,100,1,0,0,1,0,0,1,0,1,0,0,0,0,0,0,0,0,0,0,0,0,0,0,0,-0.0145,0,0.0000
25,33,1972,2,1,100,1,0,0,0,0,0,0,0,1,0,0,0,0,0,0,0,0,0,0,0,0,0,0,0,0.0000,0,0.0000
25,34,1972,2,1,100,1,0,4,3,0,1,3,0,1,1,0,0,0,0,0,0,0,0,0,0,0,0,0,0,-0.0640,0,0.0000
25,38,1972,2,1,100,1,0,1,1,0,0,2,0,1,1,0,0,0,0,0,0,0,0,0,0,1,0,0,0,0.0323,0,0.0000
25,44,1972,2,1,100,1,0,8,3,2,1,3,0,1,1,1,0,0,0,0,0,0,0,0,0,0,0,0,0,0.0488,0,-0.0061
25,47,1972,2,1,100,1,0,3,3,1,1,3,0,1,1,0,0,0,0,0,0,0,0,0,0,0,0,0,0,-0.0199,0,0.0000
25,49,1972,2,1,100,1,0,7,4,0,0,4,0,1,1,0,0,0,1,0,0,0,0,0,0,0,0,0,0,-0.0773,0,0.0000
25,50,1972,2,1,100,1,0,2,2,0,0,3,0,1,1,0,0,0,0,0,0,0,1,0,1,0,0,0,0,-0.0529,0,-0.0022
26,1,1972,1,1,100,1,0,2,3,1,0,4,0,1,1,0,0,0,0,0,0,0,1,0,0,0,0,0,0,-0.1112,0,-0.0748
26,6,1972,1,1,100,1,0,6,4,2,0,4,0,1,1,0,1,0,2,0,0,0,0,0,0,0,0,0,0,-0.0290,0,0.2273
26,8,1972,1,1,100,1,0,0,1,1,0,1,0,1,0,0,0,0,1,0,0,0,0,0,0,0,0,0,0,0.0227,0,0.2029
26,10,1972,1,1,100,1,0,1,2,1,0,2,0,1,1,0,0,0,0,1,0,0,0,0,0,0,0,0,0,0.0292,0,0.0000
26,11,1972,1,1,100,1,0,0,1,0,0,1,0,1,0,0,0,0,0,0,0,0,0,0,0,0,0,0,0,-0.0724,0,0.0000
26,12,1972,1,1,100,1,0,0,0,0,0,0,0,1,0,0,0,0,0,0,0,0,0,0,0,0,0,0,0,0.0000,0,0.0000
26,15,1972,1,1,100,1,0,9,4,1,2,4,0,1,1,0,0,0,0,0,0,0,0,0,1,0,0,0,0,-0.1159,0,0.0000
26,16,1972,1,1,100,1,0,5,4,1,1,4,0,1,1,0,0,0,0,0,0,0,0,0,1,0,0,0,0,-0.0727,0,0.0000
26,17,1972,1,1,100,1,0,4,5,1,1,5,0,1,1,0,0,0,0,1,0,0,0,0,0,0,0,0,0,-0.0385,0,0.0000
26,19,1972,1,1,100,1,0,3,2,0,2,4,0,1,1,0,0,0,0,0,0,0,2,0,0,0,0,0,0,0.0580,0,0.0000
26,21,1972,1,1,100,1,0,7,4,0,2,4,0,1,1,0,0,0,0,0,0,0,0,0,0,0,0,0,0,-0.0753,0,0.0000
26,23,1972,1,1,100,1,0,0,0,0,0,0,0,1,0,0,0,0,0,0,0,0,0,0,0,0,0,0,0,0.0000,0,0.0000
26,24,1972,1,1,100,1,0,8,5,1,0,5,0,1,1,0,0,0,0,1,0,0,0,0,0,0,0,0,0,0.0299,0,0.0000
26,26,1972,2,1,100,1,0,9,4,2,0,4,0,1,1,0,0,1,2,1,0,0,0,0,0,0,0,0,0,0.1001,0,0.3391
26,27,1972,2,1,100,1,0,5,4,1,2,4,0,1,1,0,0,1,1,2,0,0,0,0,0,0,0,0,0,0.1025,0,0.0000
26,28,1972,2,1,100,1,0,0,0,0,0,0,0,1,0,0,0,0,0,0,0,0,0,0,0,0,0,0,0,0.0000,0,0.0000
26,29,1972,2,1,100,1,0,6,4,1,0,4,0,1,1,0,0,0,0,0,0,0,0,0,0,0,0,0,0,-0.0050,0,0.0000
26,32,1972,2,1,100,1,0,0,1,0,0,1,0,1,0,0,0,0,0,0,0,0,0,0,0,0,0,0,0,-0.0230,0,0.0000
26,33,1972,2,1,100,1,0,0,0,0,0,0,0,1,0,0,0,0,0,0,0,0,0,0,0,0,0,0,0,0.0000,0,0.0000
26,34,1972,2,1,100,1,0,4,4,1,2,4,0,1,1,1,0,0,0,0,0,0,0,0,0,0,0,0,0,-0.0261,0,0.0000
26,38,1972,2,1,100,1,0,1,2,0,0,3,0,1,1,0,0,0,0,0,0,0,0,0,0,1,0,0,0,-0.0368,0,0.0000
26,44,1972,2,1,100,1,0,8,4,2,0,4,0,1,1,0,0,0,0,1,0,0,0,0,0,0,0,0,0,0.0554,0,0.0000
26,47,1972,2,1,100,1,0,3,2,0,1,4,0,1,1,0,0,0,0,0,0,0,2,0,0,0,0,0,0,-0.0153,0,0.0000
26,49,1972,2,1,100,1,0,7,4,1,0,4,0,1,1,0,0,0,1,0,0,0,0,0,0,0,0,0,0,-0.0590,0,0.0000
26,50,1972,2,1,100,1,0,2,3,1,1,4,0,1,1,0,0,0,0,0,0,0,0,0,0,1,0,0,0,-0.0198,0,0.0000
27,1,1972,1,1,100,1,0,2,4,1,1,4,0,1,1,0,0,1,1,4,0,0,0,0,0,0,0,0,0,0.0369,0,0.0000
27,4,1972,1,1,100,1,0,0,0,0,0,0,0,1,0,0,0,0,0,0,0,0,0,0,0,0,0,0,0,0.0000,0,0.0000
27,6,1972,1,1,100,1,0,6,4,0,2,4,0,1,1,0,0,0,0,0,0,0,0,0,0,0,0,0,0,-0.1272,0,0.0000
27,8,1972,1,1,100,1,0,9,2,0,1,2,0,1,0,0,0,0,0,0,0,0,0,0,0,0,0,0,0,-0.0078,0,0.0000
27,10,1972,1,1,100,1,0,1,1,0,0,1,0,1,1,0,0,0,0,0,0,0,0,0,1,0,0,0,0,-0.0535,0,0.0000
27,11,1972,1,1,100,1,0,0,1,0,0,1,0,1,0,0,0,0,0,0,0,0,0,0,0,0,0,0,0,-0.0071,0,0.0000
27,13,1972,1,1,100,1,0,0,1,0,1,1,0,1,0,0,0,0,0,0,0,0,0,0,0,0,0,0,0,-0.0958,0,0.0000
27,15,1972,1,1,100,1,0,9,2,1,0,2,0,1,1,0,0,0,0,0,0,0,0,0,0,0,0,0,0,0.0127,0,0.0000
27,16,1972,1,1,100,1,0,5,3,1,0,4,0,1,1,0,0,0,0,0,0,0,1,0,0,0,0,0,0,0.1262,0,0.0000
27,17,1972,1,1,100,1,0,4,3,1,0,4,0,1,1,0,0,0,1,0,1,0,1,0,0,0,0,0,0,-0.0179,0,0.0000
27,19,1972,1,1,100,1,0,3,4,1,1,4,0,1,1,0,0,0,1,0,0,0,0,0,0,0,0,0,0,-0.0044,0,0.0000
27,21,1972,1,1,100,1,0,7,4,0,0,4,0,1,1,0,0,0,0,0,0,0,0,0,0,0,0,0,0,-0.1521,0,0.0000
27,23,1972,1,1,100,1,0,0,0,0,0,0,0,1,0,0,0,0,0,0,0,0,0,0,0,0,0,0,0,0.0000,0,0.0000
27,24,1972,1,1,100,1,0,8,2,0,1,4,0,1,1,0,0,0,1,0,0,0,2,0,0,0,0,0,0,-0.0115,0,0.0000
27,26,1972,2,1,100,1,0,9,4,1,1,4,0,1,1,0,0,0,1,0,0,0,0,0,0,0,0,0,0,-0.0211,0,0.0000
27,27,1972,2,1,100,1,0,5,3,1,0,4,0,1,1,0,0,1,1,2,0,0,1,0,0,0,0,0,0,0.1492,0,0.0170
27,29,1972,2,1,100,1,0,6,4,2,0,4,0,1,1,0,0,0,1,0,0,0,0,0,0,0,0,0,0,0.0022,0,0.0092
27,31,1972,2,1,100,1,0,2,0,0,0,0,0,1,0,0,0,0,0,0,0,0,0,0,0,0,0,0,0,0.0000,0,0.0000
27,33,1972,2,1,100,1,0,0,0,0,0,0,0,1,0,0,0,0,0,0,0,0,0,0,0,0,0,0,0,0.0000,0,0.0000
27,34,1972,2,1,100,1,0,4,4,1,1,4,0,1,1,1,0,0,0,0,0,0,0,0,0,0,0,0,0,-0.0177,0,0.0000
27,38,1972,2,1,100,1,0,1,3,0,2,3,0,1,1,0,0,0,0,0,0,0,0,0,0,0,0,0,0,-0.0295,0,0.0000
27,44,1972,2,1,100,1,0,8,4,2,1,4,0,1,1,1,0,0,0,0,0,0,0,0,0,0,0,0,0,-0.0124,0,0.0000
27,47,1972,2,1,100,1,0,3,4,1,0,4,0,1,1,0,0,0,0,2,0,0,0,0,0,0,0,0,0,0.0466,0,0.0000
27,49,1972,2,1,100,1,0,7,4,2,0,4,0,1,1,1,0,0,2,1,0,0,0,0,0,0,0,0,0,0.0711,0,0.1859
27,50,1972,2,1,100,1,0,2,4,0,2,4,0,1,1,0,0,0,0,0,0,0,0,0,0,0,0,0,0,-0.0297,0,0.0000
28,1,1972,1,1,100,1,0,2,4,0,0,4,0,1,1,0,0,0,0,0,0,0,0,0,0,0,0,0,0,-0.0042,0,0.0000
28,3,1972,1,1,100,1,0,0,0,0,0,0,0,1,0,0,0,0,0,0,0,0,0,0,0,0,0,0,0,0.0000,0,0.0000
28,6,1972,1,1,100,1,0,6,4,0,1,4,0,1,1,0,0,0,0,0,0,0,0,0,0,0,0,0,0,-0.1488,0,0.0000
28,10,1972,1,1,100,1,0,1,2,0,1,2,0,1,1,0,0,0,0,0,0,0,0,0,0,0,0,0,0,-0.0257,0,0.0000
28,11,1972,1,1,100,1,0,0,1,0,0,1,0,1,0,0,0,0,0,0,0,0,0,0,0,0,0,0,0,-0.0228,0,0.0000
28,15,1972,1,1,100,1,0,9,4,2,0,4,0,1,1,1,0,1,1,1,0,0,0,0,0,0,0,0,0,0.1810,0,0.0000
28,16,1972,1,1,100,1,0,5,4,3,0,4,0,1,1,0,0,1,1,1,0,0,0,0,0,0,0,0,0,0.2098,0,0.0000
28,17,1972,1,1,100,1,0,4,4,0,0,4,0,1,1,0,0,0,0,0,0,0,0,0,0,0,0,0,0,-0.0792,0,0.0000
28,19,1972,1,1,100,1,0,3,4,1,0,4,0,1,1,0,0,0,0,0,0,0,0,0,0,0,0,0,0,-0.0190,0,0.0000
28,21,1972,1,1,100,1,0,7,3,0,0,4,0,1,1,0,0,0,0,0,0,0,1,1,0,0,0,0,0,-0.0901,0,0.0000
28,24,1972,1,1,100,1,0,8,4,0,1,4,0,1,1,0,0,0,0,0,0,0,0,0,0,0,0,0,0,-0.0679,0,0.0000
28,26,1972,2,1,100,1,0,9,4,0,0,4,0,1,1,0,0,0,0,0,0,0,0,0,0,0,0,0,0,-0.1692,0,0.0000
28,27,1972,2,1,100,1,0,5,3,2,0,4,0,1,1,0,0,0,0,0,0,0,1,0,0,0,0,0,0,0.1331,0,0.0000
28,29,1972,2,1,100,1,0,6,4,1,0,4,0,1,1,0,0,0,0,0,0,1,0,0,0,0,0,0,0,-0.0636,0,0.0000
28,32,1972,2,1,100,1,0,0,1,0,0,1,0,1,0,0,0,0,0,0,0,0,0,0,0,0,0,0,0,-0.0475,0,0.0000
28,33,1972,2,1,100,1,0,0,0,0,0,0,0,1,0,0,0,0,0,0,0,0,0,0,0,0,0,0,0,0.0000,0,0.0000
28,34,1972,2,1,100,1,0,4,2,0,1,3,0,1,1,0,0,0,0,0,0,0,1,0,0,0,0,0,0,-0.0479,0,0.0034
28,38,1972,2,1,100,1,0,1,1,0,0,2,0,1,1,0,0,0,0,0,0,0,0,0,0,1,0,0,0,-0.0329,0,0.0000
28,44,1972,2,1,100,1,0,8,2,0,1,3,0,1,1,0,0,0,0,1,0,0,0,0,0,0,1,0,0,-0.0566,0,0.0000
28,47,1972,2,1,100,1,0,3,4,0,1,4,0,1,1,0,0,0,0,0,0,0,0,0,0,0,0,0,0,-0.1782,0,0.0000
28,49,1972,2,1,100,1,0,7,3,0,0,4,0,1,1,0,0,0,1,0,0,0,1,0,0,0,0,0,0,-0.0678,0,-0.0651
28,50,1972,2,1,100,1,0,2,3,0,1,3,0,1,1,0,0,0,0,0,0,0,0,0,0,0,0,0,0,-0.0763,0,0.0000
29,1,1972,1,1,100,1,0,2,5,0,1,7,0,1,1,0,0,0,0,0,0,0,2,1,0,0,0,0,0,-0.2418,0,0.0000
29,3,1972,1,1,100,1,0,0,0,0,0,0,0,1,0,0,0,0,0,0,0,0,0,0,0,0,0,0,0,0.0000,0,0.0000
29,4,1972,1,1,100,1,0,0,0,0,0,0,0,1,0,0,0,0,0,0,0,0,0,0,0,0,0,0,0,0.0000,0,0.0000
29,6,1972,1,1,100,1,0,6,5,1,0,6,0,1,1,1,0,0,0,0,0,1,1,0,0,0,0,0,0,-0.0078,0,0.0000
29,8,1972,1,1,100,1,0,0,2,0,0,4,0,1,0,0,0,0,0,0,0,0,2,1,0,0,0,0,0,-0.0109,0,0.0000
29,10,1972,1,1,100,1,0,1,3,0,1,3,0,1,1,0,0,0,0,0,0,0,0,0,0,0,0,0,0,-0.1301,0,0.0000
29,11,1972,1,1,100,1,0,0,1,0,1,1,0,1,0,0,0,0,0,0,0,0,0,0,0,0,0,0,0,-0.1107,0,0.0000
29,12,1972,1,1,100,1,0,0,0,0,0,0,0,1,0,0,0,0,0,0,0,0,0,0,0,0,0,0,0,0.0000,0,0.0000
29,13,1972,1,1,100,1,0,0,1,0,1,1,0,1,0,0,0,0,0,0,0,0,0,0,0,0,0,0,0,-0.1822,0,0.0000
29,15,1972,1,1,100,1,0,9,3,1,0,3,0,1,1,0,0,0,0,0,0,0,0,0,1,0,0,0,0,-0.0697,0,0.0000
29,16,1972,1,1,100,1,0,5,4,2,0,7,0,1,1,0,0,0,0,0,0,0,3,0,0,0,0,0,0,0.2702,0,0.1366
29,17,1972,1,1,100,1,0,4,5,0,0,7,0,1,1,0,0,0,0,0,0,1,2,1,0,0,0,0,0,-0.2126,0,0.0016
29,19,1972,1,1,100,1,0,3,7,0,2,7,0,1,1,0,0,0,0,0,0,0,0,0,0,0,0,0,0,-0.4434,0,0.0000
29,21,1972,1,1,100,1,0,7,7,3,0,7,0,1,1,0,0,0,0,1,0,0,0,0,0,0,0,0,0,0.2764,0,0.0000
29,23,1972,1,1,100,1,0,0,1,0,1,1,0,1,0,0,0,0,0,0,0,0,0,0,0,0,0,0,0,-0.1427,0,0.0000
29,24,1972,1,1,100,1,0,8,7,3,2,7,0,1,1,0,0,0,1,0,1,0,0,0,0,0,0,0,0,0.1879,0,0.0000
29,26,1972,2,1,100,1,0,9,5,1,0,6,0,1,1,0,0,0,0,0,0,0,1,0,0,0,0,0,0,-0.1981,0,0.0092
29,27,1972,2,1,100,1,0,5,6,0,1,6,0,1,1,0,0,0,0,0,0,0,0,0,0,0,0,0,0,-0.3130,0,0.0000
29,28,1972,2,1,100,1,0,0,0,0,0,0,0,1,0,0,0,0,0,0,0,0,0,0,0,0,0,0,0,0.0000,0,0.0000
29,29,1972,2,1,100,1,0,6,4,1,0,6,0,1,1,1,0,0,0,0,0,0,0,0,0,2,0,0,0,-0.1417,0,0.0000
29,31,1972,2,1,100,1,0,2,2,1,0,3,0,1,0,0,0,0,0,0,0,0,1,0,0,0,0,0,0,0.0470,0,0.0000
29,32,1972,2,1,100,1,0,0,2,1,0,3,0,1,0,0,0,0,0,0,0,0,1,0,0,0,0,0,0,0.1612,0,-0.0235
29,33,1972,2,1,100,1,0,0,0,0,0,0,0,1,0,0,0,0,0,0,0,0,0,0,0,0,0,0,0,0.0000,0,0.0000
29,34,1972,2,1,100,1,0,4,5,0,1,6,0,1,1,0,0,0,0,0,0,0,0,0,0,1,0,0,0,-0.3342,0,0.0000
29,37,1972,2,1,100,1,0,0,0,0,0,1,0,1,0,0,0,0,0,0,0,0,1,0,0,0,0,0,0,0.0738,0,0.0000
29,38,1972,2,1,100,1,0,1,2,0,1,2,0,1,1,0,0,0,0,0,0,0,0,0,0,0,0,0,0,-0.0433,0,0.0000
29,44,1972,2,1,100,1,0,8,5,0,1,6,0,1,1,0,0,0,0,0,0,0,1,0,0,0,0,0,0,-0.2655,0,-0.0015
29,47,1972,2,1,100,1,0,3,3,0,1,3,0,1,1,0,0,0,0,0,0,0,0,0,0,0,0,0,0,-0.0610,0,0.0000
29,48,1972,2,1,100,1,0,0,0,0,0,2,0,1,0,0,0,0,0,0,0,0,0,0,0,2,0,0,0,-0.0900,0,0.0000
29,49,1972,2,1,100,1,0,7,5,1,0,6,0,1,1,0,0,0,0,0,0,0,1,1,0,0,0,0,0,-0.1716,0,0.0000
29,50,1972,2,1,100,1,0,2,3,0,1,3,0,1,1,0,0,0,0,0,0,0,0,0,0,0,0,0,0,-0.0672,0,0.0000
30,1,1972,1,1,100,1,0,2,3,2,0,4,0,1,1,0,0,0,0,0,0,0,1,0,0,0,0,0,0,0.0847,0,0.0000
30,6,1972,1,1,100,1,0,6,4,1,1,4,0,1,1,0,0,0,0,0,0,0,0,0,0,0,0,0,0,-0.0044,0,0.0067
30,8,1972,1,1,100,1,0,0,1,1,0,1,0,1,0,0,0,0,1,0,0,0,0,0,0,0,0,0,0,0.0405,0,-0.0193
30,10,1972,1,1,100,1,0,1,2,0,1,2,0,1,1,0,0,0,0,0,0,0,0,0,0,0,0,0,0,-0.0339,0,0.0000
30,11,1972,1,1,100,1,0,0,1,0,0,1,0,1,0,0,0,0,0,0,0,0,0,0,0,0,0,0,0,-0.0543,0,0.0000
30,12,1972,1,1,100,1,0,0,0,0,0,0,0,1,0,0,0,0,0,0,0,0,0,0,0,0,0,0,0,0.0000,0,0.0000
30,13,1972,1,1,100,1,0,0,1,1,0,1,0,1,0,0,0,0,0,0,0,0,0,0,0,0,0,0,0,0.0661,0,0.0000
30,15,1972,1,1,100,1,0,9,3,1,0,3,0,1,1,0,0,0,0,0,0,0,0,0,0,0,0,0,0,-0.0294,0,0.0000
30,16,1972,1,1,100,1,0,5,4,0,1,4,0,1,1,0,0,0,0,0,0,0,0,0,2,0,0,0,0,-0.3753,0,0.0000
30,17,1972,1,1,100,1,0,4,5,1,0,5,0,1,1,0,0,0,1,0,0,0,0,0,0,0,0,0,0,-0.1134,0,0.0000
30,19,1972,1,1,100,1,0,3,4,1,0,4,0,1,1,0,0,0,0,0,0,0,0,0,0,0,0,0,0,0.0989,0,0.0016
30,21,1972,1,1,100,1,0,7,4,0,1,4,0,1,1,0,0,0,0,0,0,0,0,0,0,0,0,0,0,-0.1082,0,0.0000
30,23,1972,1,1,100,1,0,0,0,0,0,0,0,1,0,0,0,0,0,0,0,0,0,0,0,0,0,0,0,0.0000,0,0.0000
30,24,1972,1,1,100,1,0,8,3,2,0,4,0,1,1,1,0,0,0,0,0,0,0,0,0,1,0,0,0,0.0027,0,0.0017
30,26,1972,2,1,100,1,0,9,3,0,0,4,0,1,1,0,0,0,0,1,0,0,1,0,0,0,0,0,0,0.0318,0,0.0000
30,27,1972,2,1,100,1,0,5,3,0,0,4,0,1,1,0,0,0,1,0,0,0,1,0,0,0,0,0,0,0.0011,0,-0.0388
30,29,1972,2,1,100,1,0,6,3,0,0,4,0,1,1,0,0,0,0,0,0,0,1,0,0,0,0,0,0,-0.0762,0,0.0000
30,33,1972,2,1,100,1,0,0,0,0,0,0,0,1,0,0,0,0,0,0,0,0,0,0,0,0,0,0,0,0.0000,0,0.0000
30,34,1972,2,1,100,1,0,4,2,0,1,3,0,1,1,0,0,0,1,0,0,0,1,1,0,0,0,0,0,-0.0634,0,0.0000
30,38,1972,2,1,100,1,0,1,2,0,0,3,0,1,1,0,0,0,0,1,0,0,1,0,0,0,0,0,0,0.1873,0,0.0000
30,44,1972,2,1,100,1,0,8,3,0,3,4,0,1,1,0,0,0,0,0,0,0,1,0,0,0,0,0,0,0.0136,0,0.0000
30,47,1972,2,1,100,1,0,3,3,0,0,4,0,1,1,0,0,0,1,0,0,0,1,0,0,0,0,0,0,0.0911,0,0.0000
30,49,1972,2,1,100,1,0,7,4,0,0,4,0,1,1,0,0,0,0,0,0,0,0,0,0,0,0,0,0,-0.0570,0,0.0000
30,50,1972,2,1,100,1,0,2,3,0,0,3,0,1,1,0,0,0,0,0,0,0,0,0,0,0,0,0,0,-0.0943,0,0.0000
31,1,1972,1,1,100,1,0,2,6,2,1,7,0,1,1,1,0,0,1,0,0,0,1,1,0,0,0,0,0,-0.1555,0,0.0000
31,3,1972,1,1,100,1,0,0,0,0,0,0,0,1,0,0,0,0,0,0,0,0,0,0,0,0,0,0,0,0.0000,0,0.0000
31,4,1972,1,1,100,1,0,0,1,0,1,2,0,1,0,0,0,0,0,0,0,0,0,0,0,1,0,0,0,-0.0800,0,0.0000
31,6,1972,1,1,100,1,0,6,7,1,1,7,0,1,1,0,0,0,0,0,0,0,0,0,1,0,0,0,0,-0.3076,0,0.0000
31,8,1972,1,1,100,1,0,9,4,1,2,4,0,1,0,0,0,0,0,1,0,0,0,0,0,0,0,0,0,0.1989,0,0.0000
31,10,1972,1,1,100,1,0,1,1,1,0,2,0,1,1,0,0,0,0,0,0,0,0,0,0,1,0,0,0,-0.0104,0,0.0000
31,11,1972,1,1,100,1,0,0,1,1,0,1,0,1,0,0,0,1,1,1,0,0,0,0,0,0,0,0,0,0.1866,0,0.0000
31,12,1972,1,1,100,1,0,0,0,0,0,0,0,1,0,0,0,0,0,0,0,0,0,0,0,0,0,0,0,0.0000,0,0.0000
31,13,1972,1,1,100,1,0,0,1,0,0,1,0,1,0,0,0,0,0,0,0,0,0,0,0,0,0,0,0,-0.0766,0,0.0000
31,15,1972,1,1,100,1,0,9,3,1,0,4,0,1,1,0,0,0,0,0,0,0,1,0,0,0,0,0,0,0.0117,0,0.0000
31,16,1972,1,1,100,1,0,5,7,3,2,7,0,1,1,0,0,1,1,2,0,0,0,0,0,0,0,0,0,-0.0659,0,0.0000
31,17,1972,1,1,100,1,0,4,5,0,0,8,0,1,1,0,0,0,0,0,1,1,3,0,0,0,0,0,0,0.0364,0,0.0000
31,19,1972,1,1,100,1,0,3,7,1,3,7,0,1,1,0,0,0,0,0,0,0,0,0,0,0,0,0,0,-0.2192,0,0.0000
31,21,1972,1,1,100,1,0,7,7,2,0,7,0,1,1,0,0,0,1,0,0,0,0,0,0,0,0,0,0,-0.0378,0,0.0000
31,22,1972,1,1,100,1,0,0,0,0,0,0,0,1,0,0,0,0,0,0,0,0,0,0,0,0,0,0,0,0.0000,0,0.0000
31,23,1972,1,1,100,1,0,0,0,0,0,0,0,1,0,0,0,0,0,0,0,0,0,0,0,0,0,0,0,0.0000,0,0.0000
31,24,1972,1,1,100,1,0,8,7,3,0,7,0,1,1,0,0,0,0,0,1,0,0,0,0,0,0,0,0,-0.1164,0,0.0000
31,26,1972,2,1,100,1,0,9,5,0,1,6,0,1,1,0,0,0,0,1,0,0,0,0,0,0,0,1,0,-0.0558,0,0.0054
31,27,1972,2,1,100,1,0,5,6,1,1,6,0,1,1,0,0,0,1,0,0,0,0,0,0,0,0,0,0,-0.1936,0,0.0000
31,28,1972,2,1,100,1,0,0,0,0,0,0,0,1,0,0,0,0,0,0,0,0,0,0,0,0,0,0,0,0.0000,0,0.0000
31,29,1972,2,1,100,1,0,6,6,1,1,6,0,1,1,0,0,0,0,0,0,0,0,0,0,0,0,0,0,-0.1561,0,0.0000
31,31,1972,2,1,100,1,0,0,1,0,0,1,0,1,0,0,0,0,0,0,0,0,0,0,1,0,0,0,0,-0.2090,0,0.0000
31,32,1972,2,1,100,1,0,0,1,1,0,1,0,1,0,0,0,0,0,0,0,0,0,0,0,0,0,0,0,0.0471,0,0.0000
31,33,1972,2,1,100,1,0,0,0,0,0,0,0,1,0,0,0,0,0,0,0,0,0,0,0,0,0,0,0,0.0000,0,0.0000
31,34,1972,2,1,100,1,0,4,4,0,1,6,0,1,1,0,0,0,1,0,0,0,1,0,0,0,0,1,0,-0.1571,0,0.0000
31,38,1972,2,1,100,1,0,1,1,0,1,2,0,1,1,0,0,0,0,0,0,0,0,0,0,1,0,0,0,-0.0203,0,0.0000
31,44,1972,2,1,100,1,0,8,5,0,2,6,0,1,1,0,0,0,0,1,0,0,0,0,0,0,1,0,0,-0.1863,0,0.0000
31,47,1972,2,1,100,1,0,3,6,1,0,6,0,1,1,0,0,0,0,0,0,0,0,0,0,0,0,0,0,-0.2087,0,0.0000
31,48,1972,2,1,100,1,0,0,2,0,2,2,0,1,0,0,0,0,0,0,0,0,0,0,0,0,0,0,0,-0.1062,0,0.0000
31,49,1972,2,1,100,1,0,7,6,2,0,6,0,1,1,0,0,1,1,1,0,0,0,0,0,0,0,0,0,0.0296,0,0.0000
31,50,1972,2,1,100,1,0,2,6,2,0,6,0,1,1,1,0,0,0,0,0,0,0,0,1,0,0,0,0,0.0201,0,0.0000
32,1,1972,1,1,100,1,0,2,3,1,1,4,0,1,1,0,0,0,0,2,0,0,0,0,0,0,1,0,0,0.0512,0,0.0000
32,3,1972,1,1,100,1,0,0,0,0,0,0,0,1,0,0,0,0,0,0,0,0,0,0,0,0,0,0,0,0.0000,0,0.0000
32,6,1972,1,1,100,1,0,6,3,1,0,4,0,1,1,0,0,0,0,0,0,0,0,0,0,0,0,0,1,0.0583,0,-0.0128
32,8,1972,1,1,100,1,0,0,1,1,0,1,0,1,0,0,0,0,0,0,0,0,0,0,0,0,0,0,0,0.0582,0,0.0000
32,10,1972,1,1,100,1,0,1,2,0,1,2,0,1,1,0,0,0,0,0,0,0,0,0,0,0,0,0,0,-0.0553,0,0.0000
32,11,1972,1,1,100,1,0,0,1,0,0,1,0,1,0,0,0,0,0,0,0,0,0,0,0,0,0,0,0,-0.0835,0,0.0000
32,12,1972,1,1,100,1,0,0,0,0,0,0,0,1,0,0,0,0,0,0,0,0,0,0,0,0,0,0,0,0.0000,0,0.0000
32,15,1972,1,1,100,1,0,9,4,0,3,4,0,1,1,0,0,0,0,0,0,0,0,0,0,0,0,0,0,-0.1949,0,0.0000
32,16,1972,1,1,100,1,0,5,4,0,2,4,0,1,1,0,0,0,0,0,0,0,0,0,0,0,0,0,0,-0.1322,0,0.0000
32,17,1972,1,1,100,1,0,4,4,1,0,5,0,1,1,0,0,0,1,0,0,0,1,0,0,0,0,0,0,-0.1132,0,-0.0482
32,19,1972,1,1,100,1,0,3,4,1,0,4,0,1,1,0,0,0,0,0,0,0,0,0,0,0,0,0,0,-0.0270,0,0.0000
32,21,1972,1,1,100,1,0,7,4,2,1,4,0,1,1,1,0,0,0,0,0,0,0,0,0,0,0,0,0,0.0890,0,-0.0146
32,23,1972,1,1,100,1,0,0,0,0,0,0,0,1,0,0,0,0,0,0,0,0,0,0,0,0,0,0,0,0.0000,0,0.0000
32,24,1972,1,1,100,1,0,8,4,1,1,4,0,1,1,0,0,0,1,0,0,0,0,0,0,0,0,0,0,-0.0438,0,0.0000
32,26,1972,2,1,100,1,0,9,4,1,0,4,0,1,1,0,0,0,0,0,0,0,0,0,0,0,0,0,0,-0.0516,0,-0.0233
32,27,1972,2,1,100,1,0,5,3,2,0,4,0,1,1,0,0,0,1,0,0,0,1,0,0,0,0,0,0,0.0318,0,0.1859
32,28,1972,2,1,100,1,0,0,0,0,0,0,0,1,0,0,0,0,0,0,0,0,0,0,0,0,0,0,0,0.0000,0,0.0000
32,29,1972,2,1,100,1,0,6,5,1,0,5,0,1,1,0,0,0,0,1,0,0,0,0,0,0,0,0,0,0.2982,0,0.0000
32,31,1972,2,1,100,1,0,0,0,0,0,1,0,1,0,0,0,0,0,0,0,0,1,0,0,0,0,0,0,0.0201,0,0.0000
32,32,1972,2,1,100,1,0,0,1,1,0,1,0,1,0,0,0,0,0,0,0,0,0,0,0,0,0,0,0,0.0738,0,0.1251
32,33,1972,2,1,100,1,0,0,0,0,0,0,0,1,0,0,0,0,0,0,0,0,0,0,0,0,0,0,0,0.0000,0,0.0000
32,34,1972,2,1,100,1,0,4,4,0,0,4,0,1,1,0,0,0,0,0,0,0,0,0,0,0,0,0,0,-0.1642,0,0.0000
32,37,1972,2,1,100,1,0,0,1,0,0,1,0,1,0,0,0,0,0,0,0,0,0,0,0,0,0,0,0,-0.2105,0,0.0170
32,38,1972,2,1,100,1,0,1,2,0,0,2,0,1,1,0,0,0,0,0,0,0,0,0,0,0,0,0,0,-0.0213,0,0.0000
32,44,1972,2,1,100,1,0,8,3,1,1,3,0,1,1,0,0,0,0,2,0,0,0,0,0,0,0,0,0,0.0940,0,0.0000
32,47,1972,2,1,100,1,0,3,3,0,0,4,0,1,1,0,0,0,0,0,0,0,1,0,0,0,0,0,0,-0.0767,0,0.0170
32,49,1972,2,1,100,1,0,7,4,1,0,4,0,1,1,0,0,0,1,0,0,0,0,0,0,0,0,0,0,-0.0581,0,0.0000
32,50,1972,2,1,100,1,0,2,4,1,1,4,0,1,1,0,0,0,1,0,0,0,0,0,0,0,0,0,0,0.1312,0,0.2261
33,1,1972,1,1,100,1,0,2,4,2,0,4,0,1,1,0,0,0,1,0,0,0,0,0,0,0,0,0,0,0.0922,0,0.1251
33,3,1972,1,1,100,1,0,0,0,0,0,0,0,1,0,0,0,0,0,0,0,0,0,0,0,0,0,0,0,0.0000,0,0.0000
33,6,1972,1,1,100,1,0,6,2,0,0,3,0,1,1,0,0,0,0,0,0,0,1,0,0,0,0,0,0,0.0446,0,0.0000
33,8,1972,1,1,100,1,0,0,1,0,1,1,0,1,0,0,0,0,0,0,0,0,0,0,0,0,0,0,0,-0.0985,0,0.0000
33,10,1972,1,1,100,1,0,1,2,1,1,2,0,1,1,0,0,0,0,0,0,0,0,0,0,0,0,0,0,0.0423,0,0.0000
33,15,1972,1,1,100,1,0,9,3,1,0,3,0,1,1,0,0,0,0,0,0,0,0,0,0,0,0,0,0,0.0762,0,0.0000
33,16,1972,1,1,100,1,0,5,4,1,0,4,0,1,1,0,0,0,0,0,0,0,0,0,1,0,0,0,0,-0.1301,0,0.0000
33,17,1972,1,1,100,1,0,4,4,1,1,4,0,1,1,0,0,0,0,0,0,0,0,0,0,0,0,0,0,0.0397,0,0.0000
33,19,1972,1,1,100,1,0,3,4,0,1,4,0,1,1,0,0,0,0,0,0,0,0,0,0,0,0,0,0,-0.1268,0,0.0000
33,21,1972,1,1,100,1,0,7,3,0,0,3,0,1,1,0,0,0,0,0,0,0,0,0,1,0,0,0,0,-0.0871,0,0.0000
33,24,1972,1,1,100,1,0,8,4,0,2,4,0,1,1,0,0,0,0,0,0,0,0,0,1,0,0,0,0,-0.3650,0,0.0000
33,26,1972,2,1,100,1,0,9,4,1,0,4,0,1,1,1,0,0,0,0,0,0,0,0,0,0,0,0,0,-0.0482,0,0.0000
33,27,1972,2,1,100,1,0,5,4,1,0,4,0,1,1,0,0,0,0,0,0,0,0,0,1,0,0,0,0,-0.0842,0,0.0000
33,28,1972,2,1,100,1,0,0,0,0,0,0,0,1,0,0,0,0,0,0,0,0,0,0,0,0,0,0,0,0.0000,0,0.0000
33,29,1972,2,1,100,1,0,6,3,0,0,4,0,1,1,0,0,0,0,0,0,0,1,0,0,0,0,0,0,-0.0199,0,0.0000
33,31,1972,2,1,100,1,0,2,1,1,0,1,0,1,0,0,0,1,1,1,0,0,0,0,0,0,0,0,0,0.2620,0,0.0000
33,33,1972,2,1,100,1,0,0,0,0,0,0,0,1,0,0,0,0,0,0,0,0,0,0,0,0,0,0,0,0.0000,0,0.0000
33,34,1972,2,1,100,1,0,4,3,0,1,3,0,1,1,0,0,0,0,0,0,0,0,0,0,0,0,0,0,-0.0806,0,0.0000
33,38,1972,2,1,100,1,0,1,2,0,1,2,0,1,1,0,0,0,0,0,0,0,0,0,0,0,0,0,0,-0.0433,0,0.0000
33,44,1972,2,1,100,1,0,8,3,2,0,3,0,1,1,1,0,0,0,0,0,0,0,0,0,0,0,0,0,0.0722,0,0.0000
33,47,1972,2,1,100,1,0,3,3,0,0,3,0,1,1,0,0,0,1,0,0,0,0,0,0,0,0,0,0,-0.0230,0,0.0000
33,49,1972,2,1,100,1,0,7,3,0,1,4,0,1,1,0,0,0,0,0,0,0,1,1,0,0,0,0,0,-0.0482,0,0.0000
33,50,1972,2,1,100,1,0,2,3,0,0,3,0,1,1,0,0,0,0,1,0,0,0,0,0,0,0,0,0,-0.0393,0,0.0000
34,1,1972,1,1,100,1,0,2,5,2,1,6,0,1,1,0,0,0,0,1,0,0,0,0,0,0,1,0,0,0.0673,0,0.0000
34,3,1972,1,1,100,1,0,0,0,0,0,0,0,1,0,0,0,0,0,0,0,0,0,0,0,0,0,0,0,0.0000,0,0.0000
34,4,1972,1,1,100,1,0,0,0,0,0,0,0,1,0,0,0,0,0,0,0,0,0,0,0,0,0,0,0,0.0000,0,0.0000
34,6,1972,1,1,100,1,0,6,5,1,1,5,0,1,1,0,0,0,0,0,0,0,0,0,0,0,0,0,0,-0.2620,0,0.0834
34,8,1972,1,1,100,1,0,0,0,0,0,1,0,1,0,0,0,0,0,0,0,0,1,0,0,0,0,0,0,0.0584,0,0.0015
34,10,1972,1,1,100,1,0,1,2,1,0,2,0,1,1,0,0,0,0,0,0,0,0,0,0,0,0,0,0,0.0174,0,0.0000
34,11,1972,1,1,100,1,0,0,1,0,0,1,0,1,0,0,0,0,0,0,0,0,0,0,0,0,0,0,0,-0.0591,0,0.0000
34,12,1972,1,1,100,1,0,0,0,0,0,0,0,1,0,0,0,0,0,0,0,0,0,0,0,0,0,0,0,0.0000,0,0.0000
34,13,1972,1,1,100,1,0,0,1,0,0,1,0,1,0,0,0,0,0,0,0,0,0,0,0,0,0,0,0,-0.1177,0,0.0000
34,15,1972,1,1,100,1,0,9,5,2,2,5,0,1,1,0,0,1,2,2,0,0,0,0,0,0,0,0,0,0.0950,0,0.2567
34,16,1972,1,1,100,1,0,5,4,2,1,6,0,1,1,0,0,0,0,0,0,0,2,0,0,0,0,0,0,0.1784,0,0.0000
34,17,1972,1,1,100,1,0,4,5,1,1,6,0,1,1,0,0,0,0,2,0,0,1,0,0,0,0,0,0,0.1613,0,0.0000
34,19,1972,1,1,100,1,0,3,6,2,2,6,0,1,1,0,0,0,0,0,0,0,0,0,0,0,0,0,0,0.1276,0,0.0022
34,21,1972,1,1,100,1,0,7,4,0,0,6,0,1,1,0,0,0,2,0,0,0,2,1,0,0,0,0,0,-0.0127,0,-0.0241
34,22,1972,1,1,100,1,0,0,0,0,0,0,0,1,0,0,0,0,0,0,0,0,0,0,0,0,0,0,0,0.0000,0,0.0000
34,23,1972,1,1,100,1,0,0,0,0,0,0,0,1,0,0,0,0,0,0,0,0,0,0,0,0,0,0,0,0.0000,0,0.0000
34,24,1972,1,1,100,1,0,8,6,1,1,6,0,1,1,0,0,0,1,0,1,0,0,0,0,0,0,0,0,-0.1212,0,0.4936
34,26,1972,2,1,100,1,0,9,6,3,0,6,0,1,1,0,0,0,2,0,0,0,0,0,0,0,0,0,0,0.2589,0,0.5617
34,27,1972,2,1,100,1,0,5,4,2,0,6,0,1,1,0,0,1,1,1,0,0,2,0,0,0,0,0,0,-0.0298,0,0.0015
34,28,1972,2,1,100,1,0,0,0,0,0,0,0,1,0,0,0,0,0,0,0,0,0,0,0,0,0,0,0,0.0000,0,0.0000
34,29,1972,2,1,100,1,0,6,6,2,1,6,0,1,1,0,0,0,0,0,0,1,0,0,0,0,0,0,0,-0.0995,0,-0.0053
34,31,1972,2,1,100,1,0,0,1,0,0,1,0,1,0,0,0,0,0,0,0,0,0,0,0,0,0,0,0,-0.0360,0,0.0000
34,32,1972,2,1,100,1,0,0,1,0,0,2,0,1,0,0,0,0,0,1,0,0,0,0,0,0,1,0,0,-0.0973,0,0.0000
34,33,1972,2,1,100,1,0,0,0,0,0,0,0,1,0,0,0,0,0,0,0,0,0,0,0,0,0,0,0,0.0000,0,0.0000
34,34,1972,2,1,100,1,0,4,5,1,2,5,0,1,1,0,0,0,0,0,0,0,0,0,0,0,0,0,0,-0.1085,0,0.0000
34,38,1972,2,1,100,1,0,1,3,0,2,3,0,1,1,0,0,0,0,0,0,0,0,0,0,0,0,0,0,-0.0569,0,0.0000
34,44,1972,2,1,100,1,0,8,5,1,1,5,0,1,1,0,0,0,0,0,0,0,0,0,0,0,0,0,0,-0.1647,0,0.0000
34,47,1972,2,1,100,1,0,3,3,1,0,3,0,1,1,0,0,0,0,1,0,0,0,0,0,0,0,0,0,0.0398,0,0.0000
34,48,1972,2,1,100,1,0,0,1,0,0,1,0,1,0,0,0,0,0,0,0,0,0,0,0,0,0,0,0,0.1338,0,0.1568
34,49,1972,2,1,100,1,0,7,5,1,0,6,0,1,1,1,0,0,1,1,0,0,1,0,0,0,0,0,0,0.0463,0,0.2279
34,50,1972,2,1,100,1,0,2,5,0,3,5,0,1,1,0,0,0,0,0,0,0,0,0,0,0,0,0,0,-0.2034,0,0.0000